trein, lijnvoering
trein, Vlissingen - 63 - Roosendaal - 11 - Etten-Leur - 7 - Breda - 13 - Tilburg - 15 - s-Hertogenbosch - 18 - Eindhoven - 9 - Helmond - 30 - Venlo (166)
trein, Maastricht - 15 - Sittard - 15 - Heerlen - 15 - Sittard - 15 - Roermond - 14 - Weert - 17 - Eindhoven - 21 - Tilburg - 13 - Breda - 18 - Dordrecht - 22 - Roosendaal (165)
trein, Den Helder - 36 - Alkmaar - 24 - Hoorn - 26 - Zaandam - 12 - Castricum - 9 - Alkmaar - 9 - Castricum - 13 - Beverwijk - 16 - Haarlem (145)
trein, Enschede - 7 - Hengelo - 10 - Almelo - 42 - Zwolle - 40 - Assen - 17 - Groningen - 35 - Leeuwarden (151)
trein, Lelystad Centrum - 14 - Almere Centrum - 27 - Amsterdam Amstel - 10 - Amsterdam Zuid - 6 - Schiphol Airport - 33 - Utrecht Centraal - 14 - Amersfoort - 35 - Zwolle - 24 - Deventer - 10 - Apeldoorn (173)
trein, Utrecht Centraal - 28 - Alphen a/d Rijn - 19 - Gouda - 18 - Den Haag Centraal - 13 - Delft - 12 - Den Haag Laan v NOI - 9 - Leiden Centraal - 14 - Alphen a/d Rijn (113)
trein, Beverwijk - 25 - Zaandam - 6 - Amsterdam Sloterdijk - 11 - Haarlem - 6 - Heemstede-Aerdenhout - 13 - Leiden Centraal - 12 - Den Haag HS - 8 - Delft - 7 - Schiedam Centrum - 11 - Rotterdam Blaak - 14 - Dordrecht - 17 - Rotterdam Centraal - 8 - Rotterdam Alexander (138)
trein, Amsterdam Amstel - 19 - Utrecht Centraal - 27 - Amsterdam Centraal - 8 - Amsterdam Amstel - 28 - Hilversum - 26 - Almere Centrum - 20 - Amsterdam Centraal - 6 - Amsterdam Sloterdijk - 16 - Amsterdam Zuid - 6 - Schiphol Airport - 15 - Leiden Centraal (171)
trein, Den Haag HS - 21 - Gouda - 28 - Den Haag Laan v NOI - 9 - Leiden Centraal - 12 - Den Haag Centraal - 13 - Delft - 7 - Schiedam Centrum - 5 - Rotterdam Centraal - 17 - Dordrecht - 14 - Rotterdam Blaak - 9 - Rotterdam Alexander - 10 - Gouda - 18 - Utrecht Centraal - 15 - Hilversum (178)
trein, Zutphen - 8 - Dieren - 12 - Arnhem Centraal - 10 - Ede-Wageningen - 24 - Utrecht Centraal - 27 - s-Hertogenbosch - 11 - Oss - 16 - Nijmegen - 12 - Arnhem Centraal (120)
trein, Almelo - 24 - Deventer - 12 - Zutphen - 20 - Apeldoorn - 24 - Amersfoort - 35 - Zwolle - 24 - Steenwijk - 14 - Heerenveen - 16 - Leeuwarden (169)
trein, lijnvoering
trein, Heerlen - 15 - Sittard - 15 - Maastricht - 15 - Sittard - 15 - Roermond - 14 - Weert - 17 - Eindhoven - 9 - Helmond - 30 - Venlo (130)
trein, Den Helder - 36 - Alkmaar - 9 - Castricum - 13 - Beverwijk - 16 - Haarlem - 6 - Heemstede-Aerdenhout - 13 - Leiden Centraal - 12 - Den Haag Centraal - 13 - Delft - 12 - Den Haag Laan v NOI - 9 - Leiden Centraal (139)
trein, Lelystad Centrum - 14 - Almere Centrum - 27 - Amsterdam Amstel - 19 - Utrecht Centraal - 15 - Hilversum - 28 - Amsterdam Amstel - 8 - Amsterdam Centraal - 20 - Almere Centrum - 26 - Hilversum (157)
trein, Vlissingen - 63 - Roosendaal - 22 - Dordrecht - 18 - Breda - 13 - Tilburg - 15 - s-Hertogenbosch - 18 - Eindhoven - 21 - Tilburg (170)
trein, Amsterdam Amstel - 10 - Amsterdam Zuid - 6 - Schiphol Airport - 33 - Utrecht Centraal - 14 - Amersfoort - 24 - Apeldoorn - 10 - Deventer - 24 - Zwolle - 35 - Amersfoort (156)
trein, Den Haag Laan v NOI - 28 - Gouda - 18 - Den Haag Centraal - 12 - Leiden Centraal - 14 - Alphen a/d Rijn - 19 - Gouda - 10 - Rotterdam Alexander - 8 - Rotterdam Centraal - 5 - Schiedam Centrum - 11 - Rotterdam Blaak - 14 - Dordrecht - 17 - Rotterdam Centraal - 8 - Rotterdam Alexander - 9 - Rotterdam Blaak (173)
trein, Roosendaal - 11 - Etten-Leur - 7 - Breda - 18 - Dordrecht - 14 - Rotterdam Blaak - 11 - Schiedam Centrum - 7 - Delft - 8 - Den Haag HS - 21 - Gouda - 18 - Utrecht Centraal - 28 - Alphen a/d Rijn - 14 - Leiden Centraal - 12 - Den Haag HS (169)
trein, Castricum - 12 - Zaandam - 25 - Beverwijk - 16 - Haarlem - 11 - Amsterdam Sloterdijk - 16 - Amsterdam Zuid - 6 - Schiphol Airport - 15 - Leiden Centraal - 14 - Alphen a/d Rijn - 28 - Utrecht Centraal - 24 - Ede-Wageningen - 10 - Arnhem Centraal (177)
trein, Alkmaar - 24 - Hoorn - 26 - Zaandam - 6 - Amsterdam Sloterdijk - 6 - Amsterdam Centraal - 27 - Utrecht Centraal - 27 - s-Hertogenbosch - 11 - Oss - 16 - Nijmegen - 12 - Arnhem Centraal - 12 - Dieren - 8 - Zutphen (175)
trein, Apeldoorn - 20 - Zutphen - 12 - Deventer - 24 - Almelo - 10 - Hengelo - 7 - Enschede - 7 - Hengelo - 7 - Enschede - 7 - Hengelo - 7 - Enschede - 7 - Hengelo - 7 - Enschede - 7 - Hengelo - 10 - Almelo - 42 - Zwolle (174)
trein, Zwolle - 24 - Steenwijk - 14 - Heerenveen - 16 - Leeuwarden - 35 - Groningen - 17 - Assen - 40 - Zwolle (146)
trein, lijnvoering
trein, Den Helder - 36 - Alkmaar - 9 - Castricum - 13 - Beverwijk - 16 - Haarlem - 11 - Amsterdam Sloterdijk - 16 - Amsterdam Zuid - 6 - Schiphol Airport - 15 - Leiden Centraal - 12 - Den Haag HS - 21 - Gouda - 18 - Den Haag Centraal (173)
trein, Heerlen - 15 - Sittard - 15 - Maastricht - 15 - Sittard - 15 - Roermond - 14 - Weert - 17 - Eindhoven - 9 - Helmond - 30 - Venlo (130)
trein, Lelystad Centrum - 14 - Almere Centrum - 20 - Amsterdam Centraal - 6 - Amsterdam Sloterdijk - 6 - Zaandam - 12 - Castricum - 9 - Alkmaar - 24 - Hoorn - 26 - Zaandam - 25 - Beverwijk - 16 - Haarlem - 6 - Heemstede-Aerdenhout - 13 - Leiden Centraal (177)
trein, Vlissingen - 63 - Roosendaal - 11 - Etten-Leur - 7 - Breda - 13 - Tilburg - 21 - Eindhoven - 18 - s-Hertogenbosch - 11 - Oss - 16 - Nijmegen - 12 - Arnhem Centraal (172)
trein, Enschede - 7 - Hengelo - 10 - Almelo - 24 - Deventer - 24 - Zwolle - 35 - Amersfoort - 24 - Apeldoorn - 10 - Deventer - 12 - Zutphen (146)
trein, Roosendaal - 22 - Dordrecht - 17 - Rotterdam Centraal - 5 - Schiedam Centrum - 11 - Rotterdam Blaak - 9 - Rotterdam Alexander - 10 - Gouda - 18 - Utrecht Centraal - 19 - Amsterdam Amstel - 10 - Amsterdam Zuid - 6 - Schiphol Airport - 33 - Utrecht Centraal (160)
trein, Rotterdam Alexander - 8 - Rotterdam Centraal - 5 - Schiedam Centrum - 7 - Delft - 12 - Den Haag Laan v NOI - 9 - Leiden Centraal - 12 - Den Haag Centraal - 13 - Delft - 8 - Den Haag HS - 21 - Gouda - 28 - Den Haag Laan v NOI - 9 - Leiden Centraal - 14 - Alphen a/d Rijn - 28 - Utrecht Centraal (174)
trein, Hilversum - 28 - Amsterdam Amstel - 27 - Almere Centrum - 26 - Hilversum - 15 - Utrecht Centraal - 27 - Amsterdam Centraal - 8 - Amsterdam Amstel (131)
trein, Utrecht Centraal - 27 - s-Hertogenbosch - 15 - Tilburg - 13 - Breda - 18 - Dordrecht - 14 - Rotterdam Blaak - 9 - Rotterdam Alexander - 10 - Gouda - 19 - Alphen a/d Rijn (125)
trein, Amersfoort - 14 - Utrecht Centraal - 24 - Ede-Wageningen - 10 - Arnhem Centraal - 12 - Dieren - 8 - Zutphen - 20 - Apeldoorn - 10 - Deventer - 24 - Zwolle - 42 - Almelo (164)
trein, Zwolle - 40 - Assen - 17 - Groningen - 35 - Leeuwarden - 16 - Heerenveen - 14 - Steenwijk - 24 - Zwolle (146)
trein, lijnvoering
trein, Venlo - 30 - Helmond - 9 - Eindhoven - 18 - s-Hertogenbosch - 11 - Oss - 16 - Nijmegen - 12 - Arnhem Centraal - 10 - Ede-Wageningen - 24 - Utrecht Centraal - 14 - Amersfoort - 24 - Apeldoorn (168)
trein, Den Helder - 36 - Alkmaar - 9 - Castricum - 12 - Zaandam - 6 - Amsterdam Sloterdijk - 6 - Amsterdam Centraal - 8 - Amsterdam Amstel - 27 - Almere Centrum - 26 - Hilversum - 28 - Amsterdam Amstel - 10 - Amsterdam Zuid - 6 - Schiphol Airport (174)
trein, Heerlen - 15 - Sittard - 15 - Maastricht - 15 - Sittard - 15 - Roermond - 14 - Weert - 17 - Eindhoven - 21 - Tilburg - 13 - Breda - 18 - Dordrecht - 22 - Roosendaal (165)
trein, Amsterdam Centraal - 27 - Utrecht Centraal - 27 - s-Hertogenbosch - 15 - Tilburg - 13 - Breda - 7 - Etten-Leur - 11 - Roosendaal - 63 - Vlissingen (163)
trein, Castricum - 13 - Beverwijk - 16 - Haarlem - 11 - Amsterdam Sloterdijk - 16 - Amsterdam Zuid - 10 - Amsterdam Amstel - 8 - Amsterdam Centraal - 20 - Almere Centrum - 26 - Hilversum - 15 - Utrecht Centraal - 28 - Alphen a/d Rijn (163)
trein, Rotterdam Blaak - 11 - Schiedam Centrum - 5 - Rotterdam Centraal - 8 - Rotterdam Alexander - 9 - Rotterdam Blaak - 14 - Dordrecht - 17 - Rotterdam Centraal - 8 - Rotterdam Alexander - 10 - Gouda - 18 - Den Haag Centraal - 13 - Delft - 12 - Den Haag Laan v NOI - 9 - Leiden Centraal - 12 - Den Haag Centraal - 12 - Leiden Centraal - 12 - Den Haag HS (170)
trein, Leiden Centraal - 15 - Schiphol Airport - 33 - Utrecht Centraal - 18 - Gouda - 21 - Den Haag HS - 8 - Delft - 7 - Schiedam Centrum (102)
trein, Amersfoort - 35 - Zwolle - 24 - Steenwijk - 14 - Heerenveen - 16 - Leeuwarden - 35 - Groningen - 17 - Assen (141)
trein, Zwolle - 24 - Deventer - 12 - Zutphen - 8 - Dieren - 12 - Arnhem Centraal - 10 - Ede-Wageningen - 24 - Utrecht Centraal - 19 - Amsterdam Amstel - 8 - Amsterdam Centraal - 20 - Almere Centrum - 14 - Lelystad Centrum (151)
trein, Alkmaar - 24 - Hoorn - 26 - Zaandam - 25 - Beverwijk - 16 - Haarlem - 6 - Heemstede-Aerdenhout - 13 - Leiden Centraal - 14 - Alphen a/d Rijn - 19 - Gouda - 28 - Den Haag Laan v NOI (171)
trein, Zutphen - 20 - Apeldoorn - 10 - Deventer - 24 - Almelo - 10 - Hengelo - 7 - Enschede - 7 - Hengelo - 10 - Almelo - 42 - Zwolle - 40 - Assen (170)
trein, lijnvoering
trein, Maastricht - 15 - Sittard - 15 - Heerlen - 15 - Sittard - 15 - Roermond - 14 - Weert - 17 - Eindhoven - 21 - Tilburg - 13 - Breda - 18 - Dordrecht - 22 - Roosendaal (165)
trein, Enschede - 7 - Hengelo - 10 - Almelo - 24 - Deventer - 10 - Apeldoorn - 24 - Amersfoort - 14 - Utrecht Centraal - 27 - Amsterdam Centraal - 6 - Amsterdam Sloterdijk - 16 - Amsterdam Zuid - 10 - Amsterdam Amstel - 28 - Hilversum (176)
trein, Den Helder - 36 - Alkmaar - 24 - Hoorn - 26 - Zaandam - 25 - Beverwijk - 16 - Haarlem - 11 - Amsterdam Sloterdijk - 6 - Zaandam - 12 - Castricum (156)
trein, Lelystad Centrum - 14 - Almere Centrum - 20 - Amsterdam Centraal - 8 - Amsterdam Amstel - 19 - Utrecht Centraal - 33 - Schiphol Airport - 6 - Amsterdam Zuid - 16 - Amsterdam Sloterdijk - 6 - Zaandam - 25 - Beverwijk - 13 - Castricum - 9 - Alkmaar (169)
trein, Venlo - 30 - Helmond - 9 - Eindhoven - 18 - s-Hertogenbosch - 15 - Tilburg - 13 - Breda - 7 - Etten-Leur - 11 - Roosendaal - 63 - Vlissingen (166)
trein, Alphen a/d Rijn - 28 - Utrecht Centraal - 24 - Ede-Wageningen - 10 - Arnhem Centraal - 12 - Dieren - 8 - Zutphen - 12 - Deventer - 24 - Zwolle - 40 - Assen (158)
trein, Den Haag HS - 12 - Leiden Centraal - 14 - Alphen a/d Rijn - 19 - Gouda - 10 - Rotterdam Alexander - 8 - Rotterdam Centraal - 5 - Schiedam Centrum - 11 - Rotterdam Blaak - 9 - Rotterdam Alexander - 10 - Gouda - 18 - Den Haag Centraal - 12 - Leiden Centraal - 15 - Schiphol Airport (143)
trein, Arnhem Centraal - 12 - Nijmegen - 16 - Oss - 11 - s-Hertogenbosch - 27 - Utrecht Centraal - 18 - Gouda - 28 - Den Haag Laan v NOI - 9 - Leiden Centraal (121)
trein, Almelo - 42 - Zwolle - 24 - Steenwijk - 14 - Heerenveen - 16 - Leeuwarden - 35 - Groningen - 17 - Assen (148)
trein, Zutphen - 20 - Apeldoorn - 10 - Deventer - 24 - Zwolle - 35 - Amersfoort - 14 - Utrecht Centraal - 15 - Hilversum - 26 - Almere Centrum - 27 - Amsterdam Amstel (171)
trein, Den Haag Laan v NOI - 12 - Delft - 7 - Schiedam Centrum - 5 - Rotterdam Centraal - 17 - Dordrecht - 14 - Rotterdam Blaak - 9 - Rotterdam Alexander - 10 - Gouda - 21 - Den Haag HS - 8 - Delft - 13 - Den Haag Centraal - 12 - Leiden Centraal - 13 - Heemstede-Aerdenhout - 6 - Haarlem (147)
trein, lijnvoering
trein, Vlissingen - 63 - Roosendaal - 11 - Etten-Leur - 7 - Breda - 13 - Tilburg - 21 - Eindhoven - 9 - Helmond - 30 - Venlo (154)
trein, Maastricht - 15 - Sittard - 15 - Heerlen - 15 - Sittard - 15 - Roermond - 14 - Weert - 17 - Eindhoven - 18 - s-Hertogenbosch - 27 - Utrecht Centraal - 27 - Amsterdam Centraal - 8 - Amsterdam Amstel (171)
trein, Almere Centrum - 27 - Amsterdam Amstel - 10 - Amsterdam Zuid - 6 - Schiphol Airport - 15 - Leiden Centraal - 9 - Den Haag Laan v NOI - 28 - Gouda - 18 - Utrecht Centraal - 15 - Hilversum - 26 - Almere Centrum (154)
trein, Enschede - 7 - Hengelo - 10 - Almelo - 42 - Zwolle - 24 - Steenwijk (83)
trein, Roosendaal - 22 - Dordrecht - 17 - Rotterdam Centraal - 5 - Schiedam Centrum - 7 - Delft - 8 - Den Haag HS - 21 - Gouda - 18 - Den Haag Centraal - 13 - Delft - 12 - Den Haag Laan v NOI - 9 - Leiden Centraal - 12 - Den Haag HS - 12 - Leiden Centraal - 14 - Alphen a/d Rijn (170)
trein, Den Haag Centraal - 12 - Leiden Centraal - 13 - Heemstede-Aerdenhout - 6 - Haarlem - 16 - Beverwijk - 13 - Castricum - 9 - Alkmaar - 24 - Hoorn - 26 - Zaandam - 6 - Amsterdam Sloterdijk - 6 - Amsterdam Centraal - 20 - Almere Centrum - 14 - Lelystad Centrum (165)
trein, Amersfoort - 14 - Utrecht Centraal - 33 - Schiphol Airport - 6 - Amsterdam Zuid - 16 - Amsterdam Sloterdijk - 11 - Haarlem - 16 - Beverwijk - 25 - Zaandam - 12 - Castricum - 9 - Alkmaar - 36 - Den Helder (178)
trein, Amsterdam Amstel - 28 - Hilversum - 15 - Utrecht Centraal - 28 - Alphen a/d Rijn - 19 - Gouda - 10 - Rotterdam Alexander - 8 - Rotterdam Centraal - 5 - Schiedam Centrum - 11 - Rotterdam Blaak - 9 - Rotterdam Alexander - 9 - Rotterdam Blaak - 14 - Dordrecht - 18 - Breda (174)
trein, Amsterdam Amstel - 19 - Utrecht Centraal - 24 - Ede-Wageningen - 10 - Arnhem Centraal - 12 - Dieren - 8 - Zutphen - 20 - Apeldoorn - 10 - Deventer - 12 - Zutphen (115)
trein, Tilburg - 15 - s-Hertogenbosch - 11 - Oss - 16 - Nijmegen - 12 - Arnhem Centraal - 12 - Dieren - 8 - Zutphen - 20 - Apeldoorn - 24 - Amersfoort - 35 - Zwolle (153)
trein, Almelo - 24 - Deventer - 24 - Zwolle - 40 - Assen - 17 - Groningen - 35 - Leeuwarden - 16 - Heerenveen - 14 - Steenwijk (170)
trein, lijnvoering
trein, Enschede - 7 - Hengelo - 10 - Almelo - 42 - Zwolle - 24 - Steenwijk (83)
trein, Venlo - 30 - Helmond - 9 - Eindhoven - 18 - s-Hertogenbosch - 11 - Oss - 16 - Nijmegen - 12 - Arnhem Centraal - 12 - Dieren - 8 - Zutphen - 12 - Deventer - 10 - Apeldoorn - 24 - Amersfoort (162)
trein, Vlissingen - 63 - Roosendaal - 11 - Etten-Leur - 7 - Breda - 13 - Tilburg - 15 - s-Hertogenbosch - 27 - Utrecht Centraal - 24 - Ede-Wageningen - 10 - Arnhem Centraal (170)
trein, Lelystad Centrum - 14 - Almere Centrum - 26 - Hilversum - 15 - Utrecht Centraal - 18 - Gouda - 10 - Rotterdam Alexander - 9 - Rotterdam Blaak - 14 - Dordrecht - 17 - Rotterdam Centraal - 5 - Schiedam Centrum - 11 - Rotterdam Blaak - 9 - Rotterdam Alexander - 8 - Rotterdam Centraal (156)
trein, Maastricht - 15 - Sittard - 15 - Heerlen - 15 - Sittard - 15 - Roermond - 14 - Weert - 17 - Eindhoven - 21 - Tilburg - 13 - Breda - 18 - Dordrecht - 22 - Roosendaal (165)
trein, Castricum - 12 - Zaandam - 25 - Beverwijk - 16 - Haarlem - 11 - Amsterdam Sloterdijk - 6 - Amsterdam Centraal - 8 - Amsterdam Amstel - 28 - Hilversum (106)
trein, Den Haag Laan v NOI - 28 - Gouda - 18 - Den Haag Centraal - 12 - Leiden Centraal - 15 - Schiphol Airport - 33 - Utrecht Centraal - 27 - Amsterdam Centraal - 20 - Almere Centrum - 27 - Amsterdam Amstel (180)
trein, Den Haag HS - 21 - Gouda - 19 - Alphen a/d Rijn - 28 - Utrecht Centraal - 19 - Amsterdam Amstel - 10 - Amsterdam Zuid - 6 - Schiphol Airport - 15 - Leiden Centraal - 12 - Den Haag HS - 8 - Delft - 12 - Den Haag Laan v NOI - 9 - Leiden Centraal - 13 - Heemstede-Aerdenhout - 6 - Haarlem (178)
trein, Zutphen - 20 - Apeldoorn (20)
trein, Schiedam Centrum - 7 - Delft - 13 - Den Haag Centraal - 12 - Leiden Centraal - 14 - Alphen a/d Rijn - 19 - Gouda - 18 - Utrecht Centraal - 14 - Amersfoort - 35 - Zwolle (132)
trein, Amsterdam Zuid - 16 - Amsterdam Sloterdijk - 6 - Zaandam - 26 - Hoorn - 24 - Alkmaar - 36 - Den Helder - 36 - Alkmaar - 9 - Castricum - 13 - Beverwijk (166)
trein, Almelo - 24 - Deventer - 24 - Zwolle - 40 - Assen - 17 - Groningen - 35 - Leeuwarden - 16 - Heerenveen - 14 - Steenwijk (170)
trein, lijnvoering
trein, Heerlen - 15 - Sittard - 15 - Maastricht - 15 - Sittard - 15 - Roermond - 14 - Weert - 17 - Eindhoven - 21 - Tilburg - 13 - Breda - 7 - Etten-Leur - 11 - Roosendaal - 22 - Dordrecht - 14 - Rotterdam Blaak (179)
trein, Breda - 18 - Dordrecht - 17 - Rotterdam Centraal - 8 - Rotterdam Alexander - 9 - Rotterdam Blaak - 11 - Schiedam Centrum - 5 - Rotterdam Centraal (68)
trein, Venlo - 30 - Helmond - 9 - Eindhoven - 18 - s-Hertogenbosch - 15 - Tilburg - 13 - Breda - 7 - Etten-Leur - 11 - Roosendaal - 63 - Vlissingen (166)
trein, Enschede - 7 - Hengelo - 10 - Almelo - 42 - Zwolle - 35 - Amersfoort - 14 - Utrecht Centraal - 24 - Ede-Wageningen - 10 - Arnhem Centraal (142)
trein, Lelystad Centrum - 14 - Almere Centrum - 26 - Hilversum - 15 - Utrecht Centraal - 19 - Amsterdam Amstel - 10 - Amsterdam Zuid - 16 - Amsterdam Sloterdijk - 6 - Amsterdam Centraal - 8 - Amsterdam Amstel - 28 - Hilversum (142)
trein, Den Helder - 36 - Alkmaar - 9 - Castricum - 12 - Zaandam - 26 - Hoorn - 24 - Alkmaar - 9 - Castricum - 13 - Beverwijk - 16 - Haarlem - 11 - Amsterdam Sloterdijk - 6 - Zaandam (162)
trein, Den Haag Centraal - 18 - Gouda - 19 - Alphen a/d Rijn - 28 - Utrecht Centraal - 27 - Amsterdam Centraal - 20 - Almere Centrum - 27 - Amsterdam Amstel - 10 - Amsterdam Zuid - 6 - Schiphol Airport (155)
trein, Alphen a/d Rijn - 14 - Leiden Centraal - 12 - Den Haag Centraal - 13 - Delft - 7 - Schiedam Centrum - 11 - Rotterdam Blaak - 9 - Rotterdam Alexander - 10 - Gouda - 21 - Den Haag HS - 8 - Delft - 12 - Den Haag Laan v NOI - 9 - Leiden Centraal - 12 - Den Haag HS (138)
trein, Zutphen - 20 - Apeldoorn - 24 - Amersfoort - 14 - Utrecht Centraal - 33 - Schiphol Airport - 15 - Leiden Centraal - 13 - Heemstede-Aerdenhout - 6 - Haarlem - 16 - Beverwijk - 25 - Zaandam (166)
trein, Almelo - 24 - Deventer - 12 - Zutphen - 8 - Dieren - 12 - Arnhem Centraal - 12 - Nijmegen - 16 - Oss - 11 - s-Hertogenbosch - 27 - Utrecht Centraal - 18 - Gouda - 28 - Den Haag Laan v NOI (168)
trein, Zwolle - 24 - Steenwijk - 14 - Heerenveen - 16 - Leeuwarden - 35 - Groningen - 17 - Assen - 40 - Zwolle - 24 - Deventer - 10 - Apeldoorn (180)
trein, lijnvoering
trein, Maastricht - 15 - Sittard - 15 - Heerlen - 15 - Sittard - 15 - Roermond - 14 - Weert - 17 - Eindhoven - 9 - Helmond - 30 - Venlo (130)
trein, Den Helder - 36 - Alkmaar - 24 - Hoorn - 26 - Zaandam - 12 - Castricum - 9 - Alkmaar - 9 - Castricum - 13 - Beverwijk - 16 - Haarlem - 6 - Heemstede-Aerdenhout - 13 - Leiden Centraal - 14 - Alphen a/d Rijn (178)
trein, Lelystad Centrum - 14 - Almere Centrum - 20 - Amsterdam Centraal - 8 - Amsterdam Amstel - 19 - Utrecht Centraal - 14 - Amersfoort - 24 - Apeldoorn - 20 - Zutphen - 12 - Deventer - 24 - Zwolle (155)
trein, Vlissingen - 63 - Roosendaal - 11 - Etten-Leur - 7 - Breda - 13 - Tilburg - 21 - Eindhoven - 18 - s-Hertogenbosch - 11 - Oss - 16 - Nijmegen - 12 - Arnhem Centraal (172)
trein, Rotterdam Blaak - 14 - Dordrecht - 18 - Breda - 7 - Etten-Leur - 11 - Roosendaal - 22 - Dordrecht - 17 - Rotterdam Centraal - 5 - Schiedam Centrum - 11 - Rotterdam Blaak - 9 - Rotterdam Alexander - 10 - Gouda - 28 - Den Haag Laan v NOI - 12 - Delft (164)
trein, Zwolle - 24 - Steenwijk - 14 - Heerenveen - 16 - Leeuwarden - 35 - Groningen - 17 - Assen - 40 - Zwolle (146)
trein, Den Haag Laan v NOI - 9 - Leiden Centraal - 15 - Schiphol Airport - 33 - Utrecht Centraal - 18 - Gouda - 21 - Den Haag HS - 8 - Delft - 13 - Den Haag Centraal - 12 - Leiden Centraal - 12 - Den Haag HS - 8 - Delft - 7 - Schiedam Centrum - 5 - Rotterdam Centraal - 8 - Rotterdam Alexander (169)
trein, Amsterdam Zuid - 16 - Amsterdam Sloterdijk - 11 - Haarlem - 16 - Beverwijk - 25 - Zaandam - 6 - Amsterdam Sloterdijk - 6 - Amsterdam Centraal - 27 - Utrecht Centraal - 15 - Hilversum - 26 - Almere Centrum - 27 - Amsterdam Amstel (175)
trein, Hilversum - 28 - Amsterdam Amstel - 10 - Amsterdam Zuid - 6 - Schiphol Airport - 33 - Utrecht Centraal - 27 - s-Hertogenbosch - 15 - Tilburg (119)
trein, Deventer - 10 - Apeldoorn - 24 - Amersfoort - 35 - Zwolle - 42 - Almelo (111)
trein, Den Haag Centraal - 18 - Gouda - 19 - Alphen a/d Rijn - 28 - Utrecht Centraal - 24 - Ede-Wageningen - 10 - Arnhem Centraal - 12 - Dieren - 8 - Zutphen - 12 - Deventer - 24 - Almelo - 10 - Hengelo - 7 - Enschede (172)
trein, lijnvoering
trein, Maastricht - 15 - Sittard - 15 - Heerlen - 15 - Sittard - 15 - Roermond - 14 - Weert - 17 - Eindhoven - 9 - Helmond - 30 - Venlo (130)
trein, Hilversum - 28 - Amsterdam Amstel - 27 - Almere Centrum - 20 - Amsterdam Centraal - 27 - Utrecht Centraal - 24 - Ede-Wageningen - 10 - Arnhem Centraal (136)
trein, Vlissingen - 63 - Roosendaal - 22 - Dordrecht - 14 - Rotterdam Blaak - 11 - Schiedam Centrum - 7 - Delft - 8 - Den Haag HS - 12 - Leiden Centraal - 9 - Den Haag Laan v NOI - 12 - Delft - 13 - Den Haag Centraal (171)
trein, Enschede - 7 - Hengelo - 10 - Almelo - 42 - Zwolle - 35 - Amersfoort - 14 - Utrecht Centraal - 15 - Hilversum - 26 - Almere Centrum - 14 - Lelystad Centrum (163)
trein, Zutphen - 12 - Deventer - 24 - Almelo - 42 - Zwolle - 24 - Steenwijk (102)
trein, Amsterdam Amstel - 8 - Amsterdam Centraal - 6 - Amsterdam Sloterdijk - 16 - Amsterdam Zuid - 10 - Amsterdam Amstel - 19 - Utrecht Centraal - 33 - Schiphol Airport - 6 - Amsterdam Zuid - 6 - Schiphol Airport - 15 - Leiden Centraal - 12 - Den Haag Centraal - 18 - Gouda - 21 - Den Haag HS (170)
trein, Gouda - 19 - Alphen a/d Rijn - 28 - Utrecht Centraal - 27 - s-Hertogenbosch - 11 - Oss - 16 - Nijmegen - 12 - Arnhem Centraal - 12 - Dieren - 8 - Zutphen - 20 - Apeldoorn (153)
trein, Beverwijk - 13 - Castricum - 12 - Zaandam - 26 - Hoorn - 24 - Alkmaar - 36 - Den Helder - 36 - Alkmaar - 9 - Castricum (156)
trein, Amersfoort - 24 - Apeldoorn - 10 - Deventer - 24 - Zwolle - 40 - Assen - 17 - Groningen - 35 - Leeuwarden - 16 - Heerenveen - 14 - Steenwijk (180)
trein, Rotterdam Centraal - 5 - Schiedam Centrum - 11 - Rotterdam Blaak - 9 - Rotterdam Alexander - 10 - Gouda - 18 - Utrecht Centraal - 28 - Alphen a/d Rijn - 14 - Leiden Centraal - 13 - Heemstede-Aerdenhout - 6 - Haarlem - 11 - Amsterdam Sloterdijk - 6 - Zaandam - 25 - Beverwijk - 16 - Haarlem (172)
trein, Roosendaal - 11 - Etten-Leur - 7 - Breda - 13 - Tilburg - 21 - Eindhoven - 18 - s-Hertogenbosch - 15 - Tilburg - 13 - Breda - 18 - Dordrecht - 17 - Rotterdam Centraal - 8 - Rotterdam Alexander - 10 - Gouda - 28 - Den Haag Laan v NOI (179)
trein, lijnvoering
trein, Den Helder - 36 - Alkmaar - 9 - Castricum - 12 - Zaandam - 6 - Amsterdam Sloterdijk - 6 - Amsterdam Centraal - 27 - Utrecht Centraal - 14 - Amersfoort - 24 - Apeldoorn - 10 - Deventer - 24 - Zwolle (168)
trein, Enschede - 7 - Hengelo - 10 - Almelo - 24 - Deventer - 12 - Zutphen - 8 - Dieren - 12 - Arnhem Centraal - 10 - Ede-Wageningen - 24 - Utrecht Centraal - 19 - Amsterdam Amstel - 28 - Hilversum (154)
trein, Lelystad Centrum - 14 - Almere Centrum - 27 - Amsterdam Amstel - 8 - Amsterdam Centraal - 20 - Almere Centrum - 26 - Hilversum - 15 - Utrecht Centraal - 18 - Gouda - 19 - Alphen a/d Rijn - 14 - Leiden Centraal - 12 - Den Haag Centraal (173)
trein, Maastricht - 15 - Sittard - 15 - Heerlen - 15 - Sittard - 15 - Roermond - 14 - Weert - 17 - Eindhoven - 21 - Tilburg - 13 - Breda - 18 - Dordrecht - 14 - Rotterdam Blaak - 9 - Rotterdam Alexander (166)
trein, Venlo - 30 - Helmond - 9 - Eindhoven - 18 - s-Hertogenbosch - 15 - Tilburg - 13 - Breda - 7 - Etten-Leur - 11 - Roosendaal - 22 - Dordrecht - 17 - Rotterdam Centraal (142)
trein, Vlissingen - 63 - Roosendaal - 22 - Dordrecht - 14 - Rotterdam Blaak - 11 - Schiedam Centrum - 5 - Rotterdam Centraal - 8 - Rotterdam Alexander - 10 - Gouda - 28 - Den Haag Laan v NOI (161)
trein, Haarlem - 16 - Beverwijk - 25 - Zaandam - 26 - Hoorn - 24 - Alkmaar - 9 - Castricum - 13 - Beverwijk - 13 - Castricum - 12 - Zaandam - 6 - Amsterdam Sloterdijk - 16 - Amsterdam Zuid - 6 - Schiphol Airport (166)
trein, Arnhem Centraal - 12 - Nijmegen - 16 - Oss - 11 - s-Hertogenbosch - 27 - Utrecht Centraal - 33 - Schiphol Airport - 15 - Leiden Centraal - 9 - Den Haag Laan v NOI - 12 - Delft - 8 - Den Haag HS - 21 - Gouda (164)
trein, Den Haag HS - 12 - Leiden Centraal - 13 - Heemstede-Aerdenhout - 6 - Haarlem - 11 - Amsterdam Sloterdijk - 16 - Amsterdam Zuid - 10 - Amsterdam Amstel - 19 - Utrecht Centraal - 28 - Alphen a/d Rijn - 19 - Gouda - 18 - Den Haag Centraal - 13 - Delft - 7 - Schiedam Centrum (172)
trein, Zutphen - 20 - Apeldoorn - 24 - Amersfoort - 35 - Zwolle - 24 - Steenwijk (103)
trein, Almelo - 42 - Zwolle - 40 - Assen - 17 - Groningen - 35 - Leeuwarden - 16 - Heerenveen - 14 - Steenwijk (164)
trein, lijnvoering
trein, Rotterdam Centraal - 17 - Dordrecht - 18 - Breda - 13 - Tilburg - 21 - Eindhoven - 18 - s-Hertogenbosch - 27 - Utrecht Centraal - 14 - Amersfoort - 35 - Zwolle (163)
trein, Vlissingen - 63 - Roosendaal - 22 - Dordrecht - 14 - Rotterdam Blaak - 11 - Schiedam Centrum - 5 - Rotterdam Centraal - 8 - Rotterdam Alexander - 10 - Gouda - 19 - Alphen a/d Rijn - 28 - Utrecht Centraal (180)
trein, Lelystad Centrum - 14 - Almere Centrum - 26 - Hilversum - 28 - Amsterdam Amstel - 10 - Amsterdam Zuid - 6 - Schiphol Airport - 33 - Utrecht Centraal - 19 - Amsterdam Amstel - 8 - Amsterdam Centraal (144)
trein, Den Helder - 36 - Alkmaar - 24 - Hoorn - 26 - Zaandam - 12 - Castricum - 9 - Alkmaar - 9 - Castricum - 13 - Beverwijk - 25 - Zaandam - 6 - Amsterdam Sloterdijk - 11 - Haarlem (171)
trein, Enschede - 7 - Hengelo - 10 - Almelo - 42 - Zwolle - 24 - Steenwijk - 14 - Heerenveen - 16 - Leeuwarden - 35 - Groningen (148)
trein, Venlo - 30 - Helmond - 9 - Eindhoven - 17 - Weert - 14 - Roermond - 15 - Sittard - 15 - Maastricht - 15 - Sittard - 15 - Heerlen (130)
trein, Arnhem Centraal - 10 - Ede-Wageningen - 24 - Utrecht Centraal - 18 - Gouda - 18 - Den Haag Centraal - 12 - Leiden Centraal - 14 - Alphen a/d Rijn - 19 - Gouda - 21 - Den Haag HS - 8 - Delft - 13 - Den Haag Centraal (157)
trein, Utrecht Centraal - 15 - Hilversum - 28 - Amsterdam Amstel - 27 - Almere Centrum - 20 - Amsterdam Centraal - 6 - Amsterdam Sloterdijk - 16 - Amsterdam Zuid - 6 - Schiphol Airport - 15 - Leiden Centraal - 13 - Heemstede-Aerdenhout - 6 - Haarlem - 16 - Beverwijk (168)
trein, Tilburg - 15 - s-Hertogenbosch - 11 - Oss - 16 - Nijmegen - 12 - Arnhem Centraal - 12 - Dieren - 8 - Zutphen - 20 - Apeldoorn - 24 - Amersfoort - 14 - Utrecht Centraal - 27 - Amsterdam Centraal (159)
trein, Den Haag Laan v NOI - 9 - Leiden Centraal - 12 - Den Haag HS - 21 - Gouda - 28 - Den Haag Laan v NOI - 12 - Delft - 7 - Schiedam Centrum - 5 - Rotterdam Centraal - 8 - Rotterdam Alexander - 9 - Rotterdam Blaak - 14 - Dordrecht - 18 - Breda - 7 - Etten-Leur - 11 - Roosendaal (161)
trein, Almelo - 24 - Deventer - 10 - Apeldoorn - 20 - Zutphen - 12 - Deventer - 24 - Zwolle - 40 - Assen - 17 - Groningen (147)
trein, lijnvoering
trein, Den Helder - 36 - Alkmaar - 9 - Castricum - 13 - Beverwijk - 16 - Haarlem - 6 - Heemstede-Aerdenhout - 13 - Leiden Centraal - 9 - Den Haag Laan v NOI - 12 - Delft - 7 - Schiedam Centrum - 5 - Rotterdam Centraal - 8 - Rotterdam Alexander - 9 - Rotterdam Blaak - 11 - Schiedam Centrum - 7 - Delft - 8 - Den Haag HS (169)
trein, Enschede - 7 - Hengelo - 10 - Almelo - 24 - Deventer - 24 - Zwolle - 24 - Steenwijk - 14 - Heerenveen - 16 - Leeuwarden - 35 - Groningen (154)
trein, Venlo - 30 - Helmond - 9 - Eindhoven - 21 - Tilburg - 13 - Breda - 7 - Etten-Leur - 11 - Roosendaal - 63 - Vlissingen (154)
trein, Lelystad Centrum - 14 - Almere Centrum - 27 - Amsterdam Amstel - 10 - Amsterdam Zuid - 6 - Schiphol Airport - 33 - Utrecht Centraal - 27 - s-Hertogenbosch - 11 - Oss - 16 - Nijmegen - 12 - Arnhem Centraal (156)
trein, Breda - 18 - Dordrecht - 22 - Roosendaal (40)
trein, Heerlen - 15 - Sittard - 15 - Maastricht - 15 - Sittard - 15 - Roermond - 14 - Weert - 17 - Eindhoven - 18 - s-Hertogenbosch - 15 - Tilburg (124)
trein, Leiden Centraal - 12 - Den Haag Centraal - 13 - Delft - 12 - Den Haag Laan v NOI - 28 - Gouda - 18 - Utrecht Centraal - 28 - Alphen a/d Rijn - 19 - Gouda - 18 - Den Haag Centraal (148)
trein, Beverwijk - 25 - Zaandam - 12 - Castricum - 9 - Alkmaar - 24 - Hoorn - 26 - Zaandam - 6 - Amsterdam Sloterdijk - 16 - Amsterdam Zuid - 6 - Schiphol Airport - 15 - Leiden Centraal - 14 - Alphen a/d Rijn (153)
trein, Amersfoort - 14 - Utrecht Centraal - 19 - Amsterdam Amstel - 8 - Amsterdam Centraal - 6 - Amsterdam Sloterdijk - 11 - Haarlem - 6 - Heemstede-Aerdenhout - 13 - Leiden Centraal - 12 - Den Haag HS - 21 - Gouda - 10 - Rotterdam Alexander - 9 - Rotterdam Blaak - 14 - Dordrecht - 17 - Rotterdam Centraal (160)
trein, Almelo - 42 - Zwolle - 35 - Amersfoort - 24 - Apeldoorn - 10 - Deventer - 12 - Zutphen - 20 - Apeldoorn (143)
trein, Hilversum - 15 - Utrecht Centraal - 24 - Ede-Wageningen - 10 - Arnhem Centraal - 12 - Dieren - 8 - Zutphen - 12 - Deventer - 24 - Zwolle - 40 - Assen - 17 - Groningen (162)
trein, Utrecht Centraal - 27 - Amsterdam Centraal - 20 - Almere Centrum - 26 - Hilversum - 28 - Amsterdam Amstel (101)
trein, lijnvoering
trein, Den Helder - 36 - Alkmaar - 9 - Castricum - 12 - Zaandam - 25 - Beverwijk - 13 - Castricum - 9 - Alkmaar - 24 - Hoorn - 26 - Zaandam - 6 - Amsterdam Sloterdijk - 11 - Haarlem (171)
trein, Venlo - 30 - Helmond - 9 - Eindhoven - 18 - s-Hertogenbosch (57)
trein, Vlissingen - 63 - Roosendaal - 11 - Etten-Leur - 7 - Breda - 13 - Tilburg - 15 - s-Hertogenbosch - 27 - Utrecht Centraal - 18 - Gouda (154)
trein, Maastricht - 15 - Sittard - 15 - Heerlen - 15 - Sittard - 15 - Roermond - 14 - Weert - 17 - Eindhoven - 21 - Tilburg - 13 - Breda - 18 - Dordrecht - 22 - Roosendaal (165)
trein, Zutphen - 20 - Apeldoorn - 24 - Amersfoort - 35 - Zwolle - 24 - Steenwijk - 14 - Heerenveen - 16 - Leeuwarden - 35 - Groningen (168)
trein, Arnhem Centraal - 12 - Nijmegen - 16 - Oss - 11 - s-Hertogenbosch - 27 - Utrecht Centraal - 28 - Alphen a/d Rijn - 14 - Leiden Centraal - 12 - Den Haag Centraal - 18 - Gouda - 28 - Den Haag Laan v NOI (166)
trein, Hilversum - 15 - Utrecht Centraal - 14 - Amersfoort - 24 - Apeldoorn - 10 - Deventer - 24 - Almelo - 10 - Hengelo - 7 - Enschede - 7 - Hengelo - 10 - Almelo - 42 - Zwolle (163)
trein, Amsterdam Centraal - 27 - Utrecht Centraal - 24 - Ede-Wageningen - 10 - Arnhem Centraal - 12 - Dieren - 8 - Zutphen - 12 - Deventer - 24 - Zwolle - 40 - Assen - 17 - Groningen (174)
trein, Rotterdam Blaak - 14 - Dordrecht - 17 - Rotterdam Centraal - 8 - Rotterdam Alexander - 9 - Rotterdam Blaak - 11 - Schiedam Centrum - 7 - Delft - 13 - Den Haag Centraal - 18 - Gouda - 10 - Rotterdam Alexander - 8 - Rotterdam Centraal - 5 - Schiedam Centrum - 7 - Delft - 8 - Den Haag HS - 21 - Gouda - 19 - Alphen a/d Rijn (175)
trein, Beverwijk - 16 - Haarlem - 6 - Heemstede-Aerdenhout - 13 - Leiden Centraal - 12 - Den Haag HS - 8 - Delft - 12 - Den Haag Laan v NOI - 9 - Leiden Centraal - 15 - Schiphol Airport - 6 - Amsterdam Zuid - 10 - Amsterdam Amstel - 8 - Amsterdam Centraal - 20 - Almere Centrum - 27 - Amsterdam Amstel (162)
trein, Schiphol Airport - 33 - Utrecht Centraal - 19 - Amsterdam Amstel - 28 - Hilversum - 26 - Almere Centrum - 14 - Lelystad Centrum - 14 - Almere Centrum - 20 - Amsterdam Centraal - 6 - Amsterdam Sloterdijk - 16 - Amsterdam Zuid (176)
trein, lijnvoering
trein, Lelystad Centrum - 14 - Almere Centrum - 20 - Amsterdam Centraal - 6 - Amsterdam Sloterdijk - 16 - Amsterdam Zuid - 6 - Schiphol Airport - 15 - Leiden Centraal - 14 - Alphen a/d Rijn - 19 - Gouda - 10 - Rotterdam Alexander - 8 - Rotterdam Centraal - 17 - Dordrecht - 22 - Roosendaal (167)
trein, Enschede - 7 - Hengelo - 10 - Almelo - 42 - Zwolle - 35 - Amersfoort - 24 - Apeldoorn - 10 - Deventer - 24 - Almelo (152)
trein, Den Helder - 36 - Alkmaar - 9 - Castricum - 13 - Beverwijk - 16 - Haarlem - 6 - Heemstede-Aerdenhout - 13 - Leiden Centraal - 9 - Den Haag Laan v NOI - 12 - Delft - 13 - Den Haag Centraal - 18 - Gouda - 28 - Den Haag Laan v NOI (173)
trein, Vlissingen - 63 - Roosendaal - 11 - Etten-Leur - 7 - Breda - 18 - Dordrecht - 14 - Rotterdam Blaak - 9 - Rotterdam Alexander - 8 - Rotterdam Centraal - 5 - Schiedam Centrum - 7 - Delft - 8 - Den Haag HS - 12 - Leiden Centraal - 12 - Den Haag Centraal (174)
trein, Tilburg - 15 - s-Hertogenbosch - 27 - Utrecht Centraal (42)
trein, Venlo - 30 - Helmond - 9 - Eindhoven - 18 - s-Hertogenbosch - 11 - Oss - 16 - Nijmegen - 12 - Arnhem Centraal - 12 - Dieren - 8 - Zutphen - 12 - Deventer - 24 - Zwolle (152)
trein, Alphen a/d Rijn - 28 - Utrecht Centraal - 15 - Hilversum - 26 - Almere Centrum - 27 - Amsterdam Amstel - 28 - Hilversum (124)
trein, Rotterdam Blaak - 11 - Schiedam Centrum - 7 - Delft - 8 - Den Haag HS - 21 - Gouda - 18 - Utrecht Centraal - 27 - Amsterdam Centraal - 8 - Amsterdam Amstel - 19 - Utrecht Centraal - 24 - Ede-Wageningen - 10 - Arnhem Centraal (153)
trein, Amsterdam Amstel - 10 - Amsterdam Zuid - 6 - Schiphol Airport - 33 - Utrecht Centraal - 14 - Amersfoort - 24 - Apeldoorn - 20 - Zutphen (107)
trein, Breda - 13 - Tilburg - 21 - Eindhoven - 17 - Weert - 14 - Roermond - 15 - Sittard - 15 - Maastricht - 15 - Sittard - 15 - Heerlen (125)
trein, Zwolle - 24 - Steenwijk - 14 - Heerenveen - 16 - Leeuwarden - 35 - Groningen - 17 - Assen - 40 - Zwolle (146)
trein, Alkmaar - 24 - Hoorn - 26 - Zaandam - 25 - Beverwijk - 13 - Castricum - 12 - Zaandam - 6 - Amsterdam Sloterdijk - 11 - Haarlem (117)
trein, lijnvoering
trein, Alkmaar - 24 - Hoorn - 26 - Zaandam - 12 - Castricum - 9 - Alkmaar - 36 - Den Helder (107)
trein, Enschede - 7 - Hengelo - 10 - Almelo - 24 - Deventer - 12 - Zutphen - 20 - Apeldoorn - 10 - Deventer - 24 - Zwolle - 42 - Almelo (149)
trein, Vlissingen - 63 - Roosendaal - 11 - Etten-Leur - 7 - Breda - 13 - Tilburg - 15 - s-Hertogenbosch - 27 - Utrecht Centraal - 19 - Amsterdam Amstel - 8 - Amsterdam Centraal (163)
trein, Lelystad Centrum - 14 - Almere Centrum - 27 - Amsterdam Amstel - 28 - Hilversum - 26 - Almere Centrum - 20 - Amsterdam Centraal - 27 - Utrecht Centraal - 15 - Hilversum (157)
trein, Maastricht - 15 - Sittard - 15 - Heerlen - 15 - Sittard - 15 - Roermond - 14 - Weert - 17 - Eindhoven - 9 - Helmond - 30 - Venlo (130)
trein, Breda - 18 - Dordrecht - 14 - Rotterdam Blaak - 9 - Rotterdam Alexander - 8 - Rotterdam Centraal - 5 - Schiedam Centrum - 7 - Delft - 12 - Den Haag Laan v NOI - 28 - Gouda - 21 - Den Haag HS - 12 - Leiden Centraal - 12 - Den Haag Centraal - 13 - Delft - 8 - Den Haag HS (167)
trein, Tilburg - 21 - Eindhoven - 18 - s-Hertogenbosch - 11 - Oss - 16 - Nijmegen - 12 - Arnhem Centraal (78)
trein, Haarlem - 11 - Amsterdam Sloterdijk - 6 - Amsterdam Centraal - 20 - Almere Centrum - 27 - Amsterdam Amstel - 10 - Amsterdam Zuid - 16 - Amsterdam Sloterdijk - 6 - Zaandam - 25 - Beverwijk - 16 - Haarlem - 6 - Heemstede-Aerdenhout - 13 - Leiden Centraal - 14 - Alphen a/d Rijn (170)
trein, Roosendaal - 22 - Dordrecht - 17 - Rotterdam Centraal - 8 - Rotterdam Alexander - 10 - Gouda - 18 - Den Haag Centraal - 12 - Leiden Centraal - 15 - Schiphol Airport - 33 - Utrecht Centraal (135)
trein, Utrecht Centraal - 28 - Alphen a/d Rijn - 19 - Gouda - 28 - Den Haag Laan v NOI - 9 - Leiden Centraal - 15 - Schiphol Airport - 6 - Amsterdam Zuid (105)
trein, Beverwijk - 13 - Castricum - 12 - Zaandam - 6 - Amsterdam Sloterdijk - 6 - Amsterdam Centraal - 27 - Utrecht Centraal - 14 - Amersfoort - 35 - Zwolle (113)
trein, Rotterdam Blaak - 11 - Schiedam Centrum - 7 - Delft - 12 - Den Haag Laan v NOI - 28 - Gouda - 18 - Utrecht Centraal - 24 - Ede-Wageningen - 10 - Arnhem Centraal - 12 - Dieren - 8 - Zutphen - 12 - Deventer - 10 - Apeldoorn - 24 - Amersfoort (176)
trein, Zwolle - 24 - Steenwijk - 14 - Heerenveen - 16 - Leeuwarden - 35 - Groningen - 17 - Assen - 40 - Zwolle (146)
trein, lijnvoering
trein, Venlo - 30 - Helmond - 9 - Eindhoven - 21 - Tilburg - 13 - Breda - 18 - Dordrecht - 14 - Rotterdam Blaak - 11 - Schiedam Centrum - 5 - Rotterdam Centraal - 8 - Rotterdam Alexander - 9 - Rotterdam Blaak - 14 - Dordrecht - 17 - Rotterdam Centraal (169)
trein, Heerlen - 15 - Sittard - 15 - Roermond - 14 - Weert - 17 - Eindhoven - 18 - s-Hertogenbosch - 11 - Oss - 16 - Nijmegen - 12 - Arnhem Centraal - 12 - Dieren - 8 - Zutphen - 12 - Deventer (150)
trein, Lelystad Centrum - 14 - Almere Centrum - 20 - Amsterdam Centraal - 6 - Amsterdam Sloterdijk - 11 - Haarlem - 16 - Beverwijk - 25 - Zaandam - 12 - Castricum - 13 - Beverwijk - 16 - Haarlem - 6 - Heemstede-Aerdenhout - 13 - Leiden Centraal - 12 - Den Haag Centraal (164)
trein, Deventer - 24 - Zwolle - 35 - Amersfoort - 14 - Utrecht Centraal - 33 - Schiphol Airport - 15 - Leiden Centraal - 14 - Alphen a/d Rijn (135)
trein, Maastricht - 15 - Sittard - 15 - Roermond - 14 - Weert - 17 - Eindhoven - 18 - s-Hertogenbosch - 27 - Utrecht Centraal - 28 - Alphen a/d Rijn - 19 - Gouda (153)
trein, Vlissingen - 63 - Roosendaal - 11 - Etten-Leur - 7 - Breda - 18 - Dordrecht - 22 - Roosendaal (121)
trein, Den Helder - 36 - Alkmaar - 24 - Hoorn - 26 - Zaandam - 6 - Amsterdam Sloterdijk - 16 - Amsterdam Zuid - 6 - Schiphol Airport - 33 - Utrecht Centraal - 15 - Hilversum (162)
trein, Arnhem Centraal - 10 - Ede-Wageningen - 24 - Utrecht Centraal - 27 - Amsterdam Centraal - 8 - Amsterdam Amstel - 27 - Almere Centrum - 26 - Hilversum - 28 - Amsterdam Amstel - 19 - Utrecht Centraal (169)
trein, Amersfoort - 24 - Apeldoorn - 10 - Deventer - 24 - Almelo - 42 - Zwolle (100)
trein, Amsterdam Amstel - 10 - Amsterdam Zuid - 6 - Schiphol Airport - 33 - Utrecht Centraal - 18 - Gouda - 28 - Den Haag Laan v NOI - 12 - Delft - 7 - Schiedam Centrum - 5 - Rotterdam Centraal - 8 - Rotterdam Alexander - 10 - Gouda - 21 - Den Haag HS - 12 - Leiden Centraal - 9 - Den Haag Laan v NOI (179)
trein, Castricum - 9 - Alkmaar - 24 - Hoorn - 26 - Zaandam - 6 - Amsterdam Sloterdijk - 11 - Haarlem - 6 - Heemstede-Aerdenhout - 13 - Leiden Centraal - 12 - Den Haag HS - 8 - Delft - 13 - Den Haag Centraal - 18 - Gouda (146)
trein, Zwolle - 24 - Steenwijk - 14 - Heerenveen - 16 - Leeuwarden - 35 - Groningen - 17 - Assen - 40 - Zwolle (146)
trein, Tilburg - 15 - s-Hertogenbosch - 11 - Oss - 16 - Nijmegen - 12 - Arnhem Centraal - 12 - Dieren - 8 - Zutphen - 20 - Apeldoorn - 10 - Deventer - 24 - Almelo - 10 - Hengelo - 7 - Enschede (145)
trein, lijnvoering
trein, Heerlen - 15 - Sittard - 15 - Maastricht - 15 - Sittard - 15 - Roermond - 14 - Weert - 17 - Eindhoven - 9 - Helmond - 30 - Venlo (130)
trein, Vlissingen - 63 - Roosendaal (63)
trein, Almere Centrum - 20 - Amsterdam Centraal - 6 - Amsterdam Sloterdijk - 6 - Zaandam - 25 - Beverwijk - 13 - Castricum - 12 - Zaandam - 26 - Hoorn - 24 - Alkmaar (132)
trein, Enschede - 7 - Hengelo - 10 - Almelo - 24 - Deventer - 24 - Zwolle (65)
trein, Den Helder - 36 - Alkmaar - 9 - Castricum - 13 - Beverwijk - 16 - Haarlem - 6 - Heemstede-Aerdenhout - 13 - Leiden Centraal - 9 - Den Haag Laan v NOI - 28 - Gouda (130)
trein, Den Haag Centraal - 18 - Gouda - 18 - Utrecht Centraal - 27 - s-Hertogenbosch - 15 - Tilburg - 13 - Breda - 7 - Etten-Leur - 11 - Roosendaal - 22 - Dordrecht - 18 - Breda (149)
trein, s-Hertogenbosch - 18 - Eindhoven - 21 - Tilburg (39)
trein, Arnhem Centraal - 10 - Ede-Wageningen - 24 - Utrecht Centraal - 15 - Hilversum - 28 - Amsterdam Amstel - 27 - Almere Centrum - 26 - Hilversum - 26 - Almere Centrum - 14 - Lelystad Centrum (170)
trein, Rotterdam Blaak - 11 - Schiedam Centrum - 5 - Rotterdam Centraal - 8 - Rotterdam Alexander - 10 - Gouda - 21 - Den Haag HS - 8 - Delft - 13 - Den Haag Centraal - 12 - Leiden Centraal - 9 - Den Haag Laan v NOI - 12 - Delft - 7 - Schiedam Centrum - 7 - Delft - 8 - Den Haag HS - 12 - Leiden Centraal (143)
trein, Amsterdam Amstel - 19 - Utrecht Centraal - 28 - Alphen a/d Rijn - 19 - Gouda (66)
trein, Apeldoorn - 10 - Deventer - 12 - Zutphen - 8 - Dieren - 12 - Arnhem Centraal - 12 - Nijmegen - 16 - Oss - 11 - s-Hertogenbosch - 27 - Utrecht Centraal - 33 - Schiphol Airport - 15 - Leiden Centraal (156)
trein, Amsterdam Zuid - 10 - Amsterdam Amstel - 8 - Amsterdam Centraal - 27 - Utrecht Centraal - 14 - Amersfoort - 24 - Apeldoorn - 20 - Zutphen (103)
trein, Almelo - 42 - Zwolle - 35 - Amersfoort (77)
trein, Rotterdam Centraal - 17 - Dordrecht - 14 - Rotterdam Blaak - 9 - Rotterdam Alexander - 10 - Gouda - 18 - Utrecht Centraal - 28 - Alphen a/d Rijn - 14 - Leiden Centraal - 13 - Heemstede-Aerdenhout - 6 - Haarlem - 11 - Amsterdam Sloterdijk - 16 - Amsterdam Zuid - 6 - Schiphol Airport (162)
trein, Zwolle - 24 - Steenwijk - 14 - Heerenveen - 16 - Leeuwarden - 35 - Groningen - 17 - Assen - 40 - Zwolle (146)
trein, lijnvoering
trein, Maastricht - 15 - Sittard - 15 - Heerlen - 15 - Sittard - 15 - Roermond - 14 - Weert - 17 - Eindhoven - 21 - Tilburg - 13 - Breda (125)
trein, Den Helder - 36 - Alkmaar - 9 - Castricum - 13 - Beverwijk - 16 - Haarlem - 11 - Amsterdam Sloterdijk - 16 - Amsterdam Zuid - 6 - Schiphol Airport - 33 - Utrecht Centraal - 24 - Ede-Wageningen - 10 - Arnhem Centraal (174)
trein, Enschede - 7 - Hengelo - 10 - Almelo - 24 - Deventer - 12 - Zutphen - 8 - Dieren - 12 - Arnhem Centraal - 12 - Nijmegen - 16 - Oss - 11 - s-Hertogenbosch - 18 - Eindhoven (130)
trein, Vlissingen - 63 - Roosendaal - 22 - Dordrecht - 18 - Breda - 7 - Etten-Leur - 11 - Roosendaal (121)
trein, Amsterdam Amstel - 27 - Almere Centrum - 20 - Amsterdam Centraal - 8 - Amsterdam Amstel - 10 - Amsterdam Zuid - 16 - Amsterdam Sloterdijk - 6 - Amsterdam Centraal (87)
trein, Rotterdam Alexander - 9 - Rotterdam Blaak - 14 - Dordrecht - 17 - Rotterdam Centraal - 5 - Schiedam Centrum - 11 - Rotterdam Blaak - 11 - Schiedam Centrum - 7 - Delft - 8 - Den Haag HS - 12 - Leiden Centraal - 15 - Schiphol Airport - 6 - Amsterdam Zuid - 16 - Amsterdam Sloterdijk - 6 - Zaandam (137)
trein, Alkmaar - 24 - Hoorn - 26 - Zaandam - 25 - Beverwijk - 16 - Haarlem - 6 - Heemstede-Aerdenhout - 13 - Leiden Centraal - 12 - Den Haag Centraal - 18 - Gouda - 10 - Rotterdam Alexander - 8 - Rotterdam Centraal (158)
trein, Utrecht Centraal - 27 - s-Hertogenbosch - 15 - Tilburg - 21 - Eindhoven - 9 - Helmond - 30 - Venlo (102)
trein, Alphen a/d Rijn - 28 - Utrecht Centraal - 27 - Amsterdam Centraal - 20 - Almere Centrum - 14 - Lelystad Centrum - 14 - Almere Centrum - 26 - Hilversum (129)
trein, Gouda - 18 - Utrecht Centraal - 19 - Amsterdam Amstel - 10 - Amsterdam Zuid - 6 - Schiphol Airport - 15 - Leiden Centraal - 12 - Den Haag Centraal - 13 - Delft - 12 - Den Haag Laan v NOI - 9 - Leiden Centraal - 14 - Alphen a/d Rijn - 19 - Gouda (147)
trein, Zwolle - 42 - Almelo - 24 - Deventer - 10 - Apeldoorn - 24 - Amersfoort - 14 - Utrecht Centraal - 15 - Hilversum - 28 - Amsterdam Amstel (157)
trein, Den Haag HS - 21 - Gouda - 28 - Den Haag Laan v NOI - 12 - Delft - 13 - Den Haag Centraal - 12 - Leiden Centraal - 13 - Heemstede-Aerdenhout - 6 - Haarlem - 16 - Beverwijk - 25 - Zaandam - 12 - Castricum (158)
trein, Amersfoort - 35 - Zwolle - 40 - Assen (75)
trein, Apeldoorn - 20 - Zutphen - 12 - Deventer - 24 - Zwolle - 24 - Steenwijk - 14 - Heerenveen - 16 - Leeuwarden - 35 - Groningen - 17 - Assen (162)
trein, lijnvoering
trein, Zutphen - 8 - Dieren - 12 - Arnhem Centraal - 12 - Nijmegen - 16 - Oss - 11 - s-Hertogenbosch - 18 - Eindhoven - 21 - Tilburg - 13 - Breda - 18 - Dordrecht - 14 - Rotterdam Blaak (143)
trein, Venlo - 30 - Helmond - 9 - Eindhoven - 17 - Weert - 14 - Roermond - 15 - Sittard - 15 - Heerlen - 15 - Sittard - 15 - Maastricht (130)
trein, Zaandam - 25 - Beverwijk - 13 - Castricum - 12 - Zaandam (50)
trein, Lelystad Centrum - 14 - Almere Centrum - 27 - Amsterdam Amstel - 19 - Utrecht Centraal - 27 - Amsterdam Centraal - 8 - Amsterdam Amstel - 28 - Hilversum - 26 - Almere Centrum - 20 - Amsterdam Centraal - 6 - Amsterdam Sloterdijk (175)
trein, Vlissingen - 63 - Roosendaal - 11 - Etten-Leur - 7 - Breda - 18 - Dordrecht - 22 - Roosendaal - 22 - Dordrecht - 17 - Rotterdam Centraal - 5 - Schiedam Centrum - 11 - Rotterdam Blaak (176)
trein, Enschede - 7 - Hengelo - 10 - Almelo - 42 - Zwolle - 35 - Amersfoort - 24 - Apeldoorn - 10 - Deventer (128)
trein, Arnhem Centraal - 10 - Ede-Wageningen - 24 - Utrecht Centraal - 33 - Schiphol Airport - 15 - Leiden Centraal - 12 - Den Haag Centraal - 18 - Gouda - 10 - Rotterdam Alexander - 8 - Rotterdam Centraal - 5 - Schiedam Centrum - 7 - Delft (142)
trein, Den Haag Laan v NOI - 28 - Gouda - 19 - Alphen a/d Rijn - 28 - Utrecht Centraal - 14 - Amersfoort - 24 - Apeldoorn - 20 - Zutphen - 12 - Deventer - 24 - Almelo (169)
trein, Haarlem - 16 - Beverwijk - 13 - Castricum - 9 - Alkmaar - 36 - Den Helder - 36 - Alkmaar - 24 - Hoorn - 26 - Zaandam - 6 - Amsterdam Sloterdijk (166)
trein, Rotterdam Blaak - 9 - Rotterdam Alexander - 10 - Gouda - 21 - Den Haag HS - 8 - Delft - 12 - Den Haag Laan v NOI - 9 - Leiden Centraal - 13 - Heemstede-Aerdenhout - 6 - Haarlem - 11 - Amsterdam Sloterdijk - 16 - Amsterdam Zuid (115)
trein, Tilburg - 15 - s-Hertogenbosch - 27 - Utrecht Centraal - 15 - Hilversum - 26 - Almere Centrum - 27 - Amsterdam Amstel - 10 - Amsterdam Zuid - 6 - Schiphol Airport (126)
trein, Zwolle - 40 - Assen - 17 - Groningen - 35 - Leeuwarden - 16 - Heerenveen - 14 - Steenwijk - 24 - Zwolle - 24 - Deventer (170)
trein, Utrecht Centraal - 18 - Gouda - 19 - Alphen a/d Rijn - 14 - Leiden Centraal - 12 - Den Haag Centraal - 13 - Delft - 12 - Den Haag Laan v NOI - 9 - Leiden Centraal - 12 - Den Haag HS (109)
trein, lijnvoering
trein, Enschede - 7 - Hengelo - 10 - Almelo - 24 - Deventer - 12 - Zutphen - 8 - Dieren - 12 - Arnhem Centraal - 12 - Nijmegen - 16 - Oss - 11 - s-Hertogenbosch - 15 - Tilburg (127)
trein, Vlissingen - 63 - Roosendaal - 22 - Dordrecht - 18 - Breda (103)
trein, s-Hertogenbosch - 27 - Utrecht Centraal - 18 - Gouda - 21 - Den Haag HS - 8 - Delft - 12 - Den Haag Laan v NOI - 9 - Leiden Centraal (95)
trein, Castricum - 12 - Zaandam - 26 - Hoorn (38)
trein, Venlo - 30 - Helmond - 9 - Eindhoven - 17 - Weert - 14 - Roermond - 15 - Sittard - 15 - Heerlen - 15 - Sittard - 15 - Maastricht (130)
trein, Lelystad Centrum - 14 - Almere Centrum - 27 - Amsterdam Amstel - 19 - Utrecht Centraal - 15 - Hilversum - 26 - Almere Centrum - 20 - Amsterdam Centraal - 8 - Amsterdam Amstel - 10 - Amsterdam Zuid - 6 - Schiphol Airport - 15 - Leiden Centraal - 13 - Heemstede-Aerdenhout - 6 - Haarlem (179)
trein, Schiphol Airport - 33 - Utrecht Centraal - 24 - Ede-Wageningen - 10 - Arnhem Centraal - 12 - Nijmegen - 16 - Oss - 11 - s-Hertogenbosch - 18 - Eindhoven (124)
trein, Amsterdam Sloterdijk - 6 - Zaandam - 25 - Beverwijk - 13 - Castricum - 9 - Alkmaar - 36 - Den Helder - 36 - Alkmaar - 24 - Hoorn (149)
trein, Den Haag HS - 12 - Leiden Centraal - 14 - Alphen a/d Rijn - 28 - Utrecht Centraal - 14 - Amersfoort - 24 - Apeldoorn - 20 - Zutphen (112)
trein, Beverwijk - 16 - Haarlem - 11 - Amsterdam Sloterdijk - 6 - Amsterdam Centraal - 27 - Utrecht Centraal - 28 - Alphen a/d Rijn - 19 - Gouda - 10 - Rotterdam Alexander - 8 - Rotterdam Centraal - 5 - Schiedam Centrum - 11 - Rotterdam Blaak - 9 - Rotterdam Alexander - 8 - Rotterdam Centraal - 17 - Dordrecht (175)
trein, Deventer - 24 - Zwolle - 24 - Steenwijk - 14 - Heerenveen - 16 - Leeuwarden - 35 - Groningen - 17 - Assen - 40 - Zwolle (170)
trein, Den Haag Centraal - 13 - Delft - 7 - Schiedam Centrum - 11 - Rotterdam Blaak - 14 - Dordrecht - 22 - Roosendaal - 11 - Etten-Leur - 7 - Breda - 13 - Tilburg - 21 - Eindhoven (119)
trein, Amsterdam Amstel - 28 - Hilversum - 15 - Utrecht Centraal - 27 - Amsterdam Centraal - 6 - Amsterdam Sloterdijk - 16 - Amsterdam Zuid - 6 - Schiphol Airport - 15 - Leiden Centraal - 12 - Den Haag Centraal - 18 - Gouda - 28 - Den Haag Laan v NOI (171)
trein, Almelo - 42 - Zwolle - 35 - Amersfoort - 24 - Apeldoorn - 10 - Deventer (111)
trein, lijnvoering
trein, Venlo - 30 - Helmond - 9 - Eindhoven - 17 - Weert - 14 - Roermond - 15 - Sittard - 15 - Maastricht - 15 - Sittard - 15 - Heerlen (130)
trein, Dordrecht - 18 - Breda - 7 - Etten-Leur - 11 - Roosendaal - 22 - Dordrecht - 14 - Rotterdam Blaak - 9 - Rotterdam Alexander (81)
trein, Lelystad Centrum - 14 - Almere Centrum - 26 - Hilversum - 15 - Utrecht Centraal - 28 - Alphen a/d Rijn - 14 - Leiden Centraal - 9 - Den Haag Laan v NOI - 12 - Delft - 13 - Den Haag Centraal - 12 - Leiden Centraal - 12 - Den Haag HS - 21 - Gouda (176)
trein, Enschede - 7 - Hengelo - 10 - Almelo - 24 - Deventer - 10 - Apeldoorn - 24 - Amersfoort - 14 - Utrecht Centraal - 24 - Ede-Wageningen - 10 - Arnhem Centraal - 12 - Dieren - 8 - Zutphen - 12 - Deventer - 24 - Zwolle (179)
trein, Den Helder - 36 - Alkmaar - 24 - Hoorn - 26 - Zaandam - 25 - Beverwijk (111)
trein, Rotterdam Centraal - 8 - Rotterdam Alexander - 10 - Gouda - 19 - Alphen a/d Rijn - 14 - Leiden Centraal - 13 - Heemstede-Aerdenhout - 6 - Haarlem - 16 - Beverwijk - 13 - Castricum (99)
trein, Schiphol Airport - 15 - Leiden Centraal - 13 - Heemstede-Aerdenhout - 6 - Haarlem - 11 - Amsterdam Sloterdijk - 16 - Amsterdam Zuid - 10 - Amsterdam Amstel - 27 - Almere Centrum - 20 - Amsterdam Centraal - 6 - Amsterdam Sloterdijk - 6 - Zaandam - 12 - Castricum - 9 - Alkmaar (151)
trein, Apeldoorn - 20 - Zutphen - 8 - Dieren - 12 - Arnhem Centraal - 12 - Nijmegen - 16 - Oss - 11 - s-Hertogenbosch - 15 - Tilburg - 21 - Eindhoven - 18 - s-Hertogenbosch - 27 - Utrecht Centraal (160)
trein, Zwolle - 24 - Steenwijk - 14 - Heerenveen - 16 - Leeuwarden - 35 - Groningen - 17 - Assen - 40 - Zwolle (146)
trein, Amsterdam Zuid - 6 - Schiphol Airport - 33 - Utrecht Centraal - 19 - Amsterdam Amstel - 8 - Amsterdam Centraal - 27 - Utrecht Centraal - 18 - Gouda - 28 - Den Haag Laan v NOI - 12 - Delft - 8 - Den Haag HS (159)
trein, Hilversum - 28 - Amsterdam Amstel - 8 - Amsterdam Centraal - 27 - Utrecht Centraal - 28 - Alphen a/d Rijn - 14 - Leiden Centraal - 9 - Den Haag Laan v NOI - 28 - Gouda - 18 - Den Haag Centraal - 13 - Delft - 7 - Schiedam Centrum (180)
trein, Rotterdam Blaak - 11 - Schiedam Centrum - 5 - Rotterdam Centraal - 17 - Dordrecht - 22 - Roosendaal - 63 - Vlissingen (118)
trein, Almelo - 42 - Zwolle - 35 - Amersfoort (77)
trein, Breda - 13 - Tilburg (13)
trein, lijnvoering
trein, Hoorn - 26 - Zaandam - 6 - Amsterdam Sloterdijk - 16 - Amsterdam Zuid - 10 - Amsterdam Amstel - 19 - Utrecht Centraal - 27 - s-Hertogenbosch - 15 - Tilburg (119)
trein, Almelo - 42 - Zwolle - 35 - Amersfoort - 14 - Utrecht Centraal - 33 - Schiphol Airport - 6 - Amsterdam Zuid - 16 - Amsterdam Sloterdijk - 11 - Haarlem (157)
trein, s-Hertogenbosch - 11 - Oss - 16 - Nijmegen - 12 - Arnhem Centraal - 12 - Dieren - 8 - Zutphen - 20 - Apeldoorn (79)
trein, Vlissingen - 63 - Roosendaal (63)
trein, Lelystad Centrum - 14 - Almere Centrum - 20 - Amsterdam Centraal - 27 - Utrecht Centraal - 18 - Gouda - 21 - Den Haag HS - 8 - Delft - 7 - Schiedam Centrum - 11 - Rotterdam Blaak - 14 - Dordrecht - 17 - Rotterdam Centraal - 5 - Schiedam Centrum - 5 - Rotterdam Centraal - 8 - Rotterdam Alexander (175)
trein, Maastricht - 15 - Sittard - 15 - Roermond - 14 - Weert - 17 - Eindhoven - 9 - Helmond - 30 - Venlo - 30 - Helmond - 9 - Eindhoven - 18 - s-Hertogenbosch (157)
trein, Amsterdam Amstel - 28 - Hilversum - 15 - Utrecht Centraal - 28 - Alphen a/d Rijn - 19 - Gouda - 10 - Rotterdam Alexander - 9 - Rotterdam Blaak (109)
trein, Alphen a/d Rijn - 14 - Leiden Centraal - 9 - Den Haag Laan v NOI - 28 - Gouda - 18 - Den Haag Centraal - 12 - Leiden Centraal - 12 - Den Haag HS - 8 - Delft - 12 - Den Haag Laan v NOI - 9 - Leiden Centraal - 15 - Schiphol Airport (137)
trein, Breda - 18 - Dordrecht (18)
trein, Hilversum - 26 - Almere Centrum - 27 - Amsterdam Amstel - 8 - Amsterdam Centraal - 6 - Amsterdam Sloterdijk - 6 - Zaandam - 25 - Beverwijk - 16 - Haarlem - 6 - Heemstede-Aerdenhout - 13 - Leiden Centraal (133)
trein, Zwolle - 24 - Deventer - 10 - Apeldoorn - 24 - Amersfoort - 14 - Utrecht Centraal - 24 - Ede-Wageningen - 10 - Arnhem Centraal - 12 - Dieren - 8 - Zutphen - 12 - Deventer - 24 - Almelo - 10 - Hengelo - 7 - Enschede (179)
trein, Den Haag Centraal - 13 - Delft - 7 - Schiedam Centrum - 11 - Rotterdam Blaak - 14 - Dordrecht - 22 - Roosendaal - 11 - Etten-Leur - 7 - Breda - 13 - Tilburg - 21 - Eindhoven - 17 - Weert - 14 - Roermond - 15 - Sittard - 15 - Heerlen (180)
trein, Castricum - 13 - Beverwijk - 25 - Zaandam - 12 - Castricum - 9 - Alkmaar - 36 - Den Helder - 36 - Alkmaar - 24 - Hoorn (155)
trein, Zwolle - 40 - Assen - 17 - Groningen - 35 - Leeuwarden - 16 - Heerenveen - 14 - Steenwijk - 24 - Zwolle (146)
trein, lijnvoering
trein, Heerlen - 15 - Sittard - 15 - Roermond - 14 - Weert - 17 - Eindhoven - 21 - Tilburg - 15 - s-Hertogenbosch - 27 - Utrecht Centraal - 14 - Amersfoort - 24 - Apeldoorn - 10 - Deventer (172)
trein, Maastricht - 15 - Sittard - 15 - Roermond - 14 - Weert - 17 - Eindhoven - 18 - s-Hertogenbosch - 15 - Tilburg - 13 - Breda - 18 - Dordrecht (125)
trein, Vlissingen - 63 - Roosendaal (63)
trein, Hoorn - 26 - Zaandam - 6 - Amsterdam Sloterdijk - 6 - Amsterdam Centraal - 8 - Amsterdam Amstel - 10 - Amsterdam Zuid - 6 - Schiphol Airport - 33 - Utrecht Centraal - 19 - Amsterdam Amstel - 28 - Hilversum - 15 - Utrecht Centraal (157)
trein, Enschede - 7 - Hengelo - 10 - Almelo - 24 - Deventer - 12 - Zutphen - 20 - Apeldoorn - 24 - Amersfoort - 35 - Zwolle - 42 - Almelo (174)
trein, Lelystad Centrum - 14 - Almere Centrum - 27 - Amsterdam Amstel - 8 - Amsterdam Centraal - 27 - Utrecht Centraal - 28 - Alphen a/d Rijn - 19 - Gouda - 21 - Den Haag HS - 12 - Leiden Centraal - 15 - Schiphol Airport (171)
trein, Dordrecht - 17 - Rotterdam Centraal - 5 - Schiedam Centrum - 7 - Delft - 13 - Den Haag Centraal - 18 - Gouda - 28 - Den Haag Laan v NOI - 9 - Leiden Centraal - 12 - Den Haag Centraal - 12 - Leiden Centraal - 13 - Heemstede-Aerdenhout - 6 - Haarlem - 16 - Beverwijk (156)
trein, Castricum - 12 - Zaandam - 25 - Beverwijk - 13 - Castricum - 9 - Alkmaar - 36 - Den Helder - 36 - Alkmaar - 24 - Hoorn (155)
trein, Arnhem Centraal - 10 - Ede-Wageningen - 24 - Utrecht Centraal - 18 - Gouda - 10 - Rotterdam Alexander - 9 - Rotterdam Blaak (71)
trein, Den Haag HS - 8 - Delft - 12 - Den Haag Laan v NOI - 28 - Gouda - 10 - Rotterdam Alexander - 8 - Rotterdam Centraal - 5 - Schiedam Centrum - 11 - Rotterdam Blaak - 14 - Dordrecht - 22 - Roosendaal - 11 - Etten-Leur - 7 - Breda (136)
trein, Hilversum - 26 - Almere Centrum - 20 - Amsterdam Centraal - 8 - Amsterdam Amstel - 10 - Amsterdam Zuid - 16 - Amsterdam Sloterdijk - 11 - Haarlem - 6 - Heemstede-Aerdenhout - 13 - Leiden Centraal - 14 - Alphen a/d Rijn (124)
trein, Zwolle - 24 - Deventer - 12 - Zutphen - 8 - Dieren - 12 - Arnhem Centraal - 12 - Nijmegen - 16 - Oss - 11 - s-Hertogenbosch - 18 - Eindhoven - 9 - Helmond - 30 - Venlo (152)
trein, Zwolle - 40 - Assen - 17 - Groningen - 35 - Leeuwarden - 16 - Heerenveen - 14 - Steenwijk - 24 - Zwolle (146)
trein, lijnvoering
trein, Roosendaal - 22 - Dordrecht - 17 - Rotterdam Centraal - 5 - Schiedam Centrum - 11 - Rotterdam Blaak - 9 - Rotterdam Alexander (64)
trein, Lelystad Centrum - 14 - Almere Centrum - 20 - Amsterdam Centraal - 8 - Amsterdam Amstel - 10 - Amsterdam Zuid - 6 - Schiphol Airport - 15 - Leiden Centraal - 12 - Den Haag HS - 8 - Delft - 13 - Den Haag Centraal - 18 - Gouda - 19 - Alphen a/d Rijn - 14 - Leiden Centraal - 9 - Den Haag Laan v NOI (166)
trein, Den Helder - 36 - Alkmaar - 24 - Hoorn - 26 - Zaandam - 25 - Beverwijk - 16 - Haarlem - 11 - Amsterdam Sloterdijk (138)
trein, Enschede - 7 - Hengelo - 10 - Almelo - 24 - Deventer - 24 - Zwolle - 24 - Steenwijk (89)
trein, Maastricht - 15 - Sittard - 15 - Heerlen - 15 - Sittard - 15 - Roermond - 14 - Weert - 17 - Eindhoven (91)
trein, Utrecht Centraal - 33 - Schiphol Airport - 6 - Amsterdam Zuid - 16 - Amsterdam Sloterdijk - 6 - Amsterdam Centraal - 27 - Utrecht Centraal - 15 - Hilversum - 26 - Almere Centrum - 27 - Amsterdam Amstel - 19 - Utrecht Centraal (175)
trein, Almelo - 42 - Zwolle - 40 - Assen - 17 - Groningen - 35 - Leeuwarden - 16 - Heerenveen - 14 - Steenwijk (164)
trein, Breda - 18 - Dordrecht - 14 - Rotterdam Blaak - 11 - Schiedam Centrum - 7 - Delft - 12 - Den Haag Laan v NOI - 28 - Gouda - 18 - Den Haag Centraal - 12 - Leiden Centraal - 13 - Heemstede-Aerdenhout - 6 - Haarlem (139)
trein, Amersfoort - 35 - Zwolle - 24 - Deventer - 12 - Zutphen - 8 - Dieren - 12 - Arnhem Centraal - 10 - Ede-Wageningen - 24 - Utrecht Centraal (125)
trein, Arnhem Centraal - 12 - Nijmegen - 16 - Oss - 11 - s-Hertogenbosch - 18 - Eindhoven - 21 - Tilburg - 13 - Breda - 7 - Etten-Leur - 11 - Roosendaal - 63 - Vlissingen (172)
trein, Apeldoorn - 20 - Zutphen - 12 - Deventer - 10 - Apeldoorn - 24 - Amersfoort - 14 - Utrecht Centraal - 18 - Gouda - 21 - Den Haag HS (119)
trein, Rotterdam Centraal - 8 - Rotterdam Alexander - 10 - Gouda - 19 - Alphen a/d Rijn - 28 - Utrecht Centraal - 27 - s-Hertogenbosch - 15 - Tilburg - 21 - Eindhoven - 9 - Helmond - 30 - Venlo (167)
trein, Hilversum - 28 - Amsterdam Amstel - 10 - Amsterdam Zuid - 16 - Amsterdam Sloterdijk - 6 - Zaandam - 25 - Beverwijk - 13 - Castricum - 9 - Alkmaar - 24 - Hoorn - 26 - Zaandam - 12 - Castricum (169)
trein, lijnvoering
trein, Breda - 7 - Etten-Leur - 11 - Roosendaal - 22 - Dordrecht - 14 - Rotterdam Blaak - 9 - Rotterdam Alexander - 8 - Rotterdam Centraal (71)
trein, Venlo - 30 - Helmond - 9 - Eindhoven - 21 - Tilburg - 13 - Breda - 18 - Dordrecht - 17 - Rotterdam Centraal - 5 - Schiedam Centrum - 11 - Rotterdam Blaak - 9 - Rotterdam Alexander - 10 - Gouda - 19 - Alphen a/d Rijn (162)
trein, Vlissingen - 63 - Roosendaal - 22 - Dordrecht - 18 - Breda - 13 - Tilburg - 15 - s-Hertogenbosch - 11 - Oss - 16 - Nijmegen - 12 - Arnhem Centraal (170)
trein, Maastricht - 15 - Sittard - 15 - Roermond - 14 - Weert - 17 - Eindhoven - 18 - s-Hertogenbosch - 27 - Utrecht Centraal - 14 - Amersfoort - 24 - Apeldoorn - 10 - Deventer - 12 - Zutphen (166)
trein, Hilversum - 15 - Utrecht Centraal - 24 - Ede-Wageningen - 10 - Arnhem Centraal - 12 - Dieren - 8 - Zutphen - 20 - Apeldoorn (89)
trein, Enschede - 7 - Hengelo - 10 - Almelo - 24 - Deventer - 24 - Zwolle (65)
trein, Alkmaar - 9 - Castricum - 12 - Zaandam - 25 - Beverwijk - 13 - Castricum - 12 - Zaandam - 26 - Hoorn - 24 - Alkmaar - 36 - Den Helder (157)
trein, Almelo - 42 - Zwolle - 35 - Amersfoort - 14 - Utrecht Centraal - 33 - Schiphol Airport - 6 - Amsterdam Zuid - 16 - Amsterdam Sloterdijk - 6 - Zaandam (152)
trein, Den Haag Laan v NOI - 12 - Delft - 7 - Schiedam Centrum - 5 - Rotterdam Centraal - 17 - Dordrecht - 18 - Breda - 13 - Tilburg - 21 - Eindhoven - 17 - Weert - 14 - Roermond - 15 - Sittard - 15 - Heerlen (154)
trein, Den Haag HS - 8 - Delft - 13 - Den Haag Centraal - 12 - Leiden Centraal - 9 - Den Haag Laan v NOI - 28 - Gouda - 18 - Utrecht Centraal - 27 - Amsterdam Centraal - 8 - Amsterdam Amstel - 10 - Amsterdam Zuid - 6 - Schiphol Airport - 15 - Leiden Centraal - 13 - Heemstede-Aerdenhout (167)
trein, Zwolle - 40 - Assen - 17 - Groningen - 35 - Leeuwarden - 16 - Heerenveen - 14 - Steenwijk - 24 - Zwolle (146)
trein, Leiden Centraal - 14 - Alphen a/d Rijn - 28 - Utrecht Centraal - 19 - Amsterdam Amstel - 28 - Hilversum - 26 - Almere Centrum - 20 - Amsterdam Centraal - 6 - Amsterdam Sloterdijk - 11 - Haarlem - 16 - Beverwijk (168)
trein, Den Haag Centraal - 18 - Gouda - 21 - Den Haag HS - 12 - Leiden Centraal - 15 - Schiphol Airport - 6 - Amsterdam Zuid - 10 - Amsterdam Amstel - 27 - Almere Centrum - 14 - Lelystad Centrum - 14 - Almere Centrum - 20 - Amsterdam Centraal - 6 - Amsterdam Sloterdijk - 11 - Haarlem - 6 - Heemstede-Aerdenhout (180)
trein, lijnvoering
trein, Vlissingen - 63 - Roosendaal - 11 - Etten-Leur - 7 - Breda - 13 - Tilburg - 21 - Eindhoven - 17 - Weert - 14 - Roermond - 15 - Sittard - 15 - Maastricht (176)
trein, Amsterdam Sloterdijk - 16 - Amsterdam Zuid - 10 - Amsterdam Amstel - 27 - Almere Centrum - 20 - Amsterdam Centraal (73)
trein, Lelystad Centrum - 14 - Almere Centrum - 26 - Hilversum - 28 - Amsterdam Amstel - 19 - Utrecht Centraal - 28 - Alphen a/d Rijn - 14 - Leiden Centraal - 13 - Heemstede-Aerdenhout - 6 - Haarlem - 11 - Amsterdam Sloterdijk - 6 - Amsterdam Centraal - 8 - Amsterdam Amstel (173)
trein, s-Hertogenbosch - 27 - Utrecht Centraal - 15 - Hilversum (42)
trein, Venlo - 30 - Helmond - 9 - Eindhoven - 18 - s-Hertogenbosch - 15 - Tilburg - 13 - Breda - 18 - Dordrecht - 22 - Roosendaal (125)
trein, Enschede - 7 - Hengelo - 10 - Almelo - 42 - Zwolle - 24 - Steenwijk - 14 - Heerenveen - 16 - Leeuwarden (113)
trein, Arnhem Centraal - 12 - Nijmegen - 16 - Oss - 11 - s-Hertogenbosch - 15 - Tilburg - 21 - Eindhoven - 17 - Weert - 14 - Roermond - 15 - Sittard - 15 - Heerlen (136)
trein, Zaandam - 25 - Beverwijk - 13 - Castricum (38)
trein, Schiedam Centrum - 5 - Rotterdam Centraal - 8 - Rotterdam Alexander - 10 - Gouda - 28 - Den Haag Laan v NOI - 9 - Leiden Centraal - 12 - Den Haag Centraal - 18 - Gouda - 18 - Utrecht Centraal (108)
trein, Beverwijk - 16 - Haarlem - 11 - Amsterdam Sloterdijk - 6 - Zaandam - 12 - Castricum - 9 - Alkmaar - 36 - Den Helder - 36 - Alkmaar - 24 - Hoorn - 26 - Zaandam (176)
trein, Rotterdam Blaak - 14 - Dordrecht - 17 - Rotterdam Centraal - 8 - Rotterdam Alexander - 9 - Rotterdam Blaak - 11 - Schiedam Centrum - 7 - Delft - 12 - Den Haag Laan v NOI (78)
trein, Amersfoort - 35 - Zwolle - 40 - Assen - 17 - Groningen - 35 - Leeuwarden (127)
trein, Schiphol Airport - 33 - Utrecht Centraal - 27 - Amsterdam Centraal - 6 - Amsterdam Sloterdijk - 11 - Haarlem - 6 - Heemstede-Aerdenhout - 13 - Leiden Centraal - 14 - Alphen a/d Rijn - 19 - Gouda - 21 - Den Haag HS - 8 - Delft - 13 - Den Haag Centraal (171)
trein, Amsterdam Zuid - 6 - Schiphol Airport - 15 - Leiden Centraal - 12 - Den Haag HS - 21 - Gouda - 19 - Alphen a/d Rijn - 28 - Utrecht Centraal - 14 - Amersfoort - 24 - Apeldoorn - 10 - Deventer - 24 - Almelo (173)
trein, Zwolle - 24 - Deventer - 12 - Zutphen - 20 - Apeldoorn - 24 - Amersfoort - 14 - Utrecht Centraal - 24 - Ede-Wageningen - 10 - Arnhem Centraal - 12 - Dieren - 8 - Zutphen (148)
trein, lijnvoering
trein, Almelo - 42 - Zwolle (42)
trein, Venlo - 30 - Helmond - 9 - Eindhoven - 21 - Tilburg - 13 - Breda - 7 - Etten-Leur - 11 - Roosendaal - 63 - Vlissingen (154)
trein, Heerlen - 15 - Sittard - 15 - Maastricht - 15 - Sittard - 15 - Roermond - 14 - Weert - 17 - Eindhoven - 18 - s-Hertogenbosch - 11 - Oss - 16 - Nijmegen - 12 - Arnhem Centraal - 12 - Dieren - 8 - Zutphen (168)
trein, Lelystad Centrum - 14 - Almere Centrum - 27 - Amsterdam Amstel - 10 - Amsterdam Zuid - 16 - Amsterdam Sloterdijk - 6 - Zaandam (73)
trein, Den Helder - 36 - Alkmaar - 9 - Castricum - 13 - Beverwijk - 25 - Zaandam - 12 - Castricum - 12 - Zaandam - 26 - Hoorn - 24 - Alkmaar (157)
trein, Rotterdam Alexander - 10 - Gouda - 21 - Den Haag HS - 8 - Delft - 13 - Den Haag Centraal - 18 - Gouda - 19 - Alphen a/d Rijn - 28 - Utrecht Centraal - 19 - Amsterdam Amstel - 28 - Hilversum (164)
trein, Alphen a/d Rijn - 14 - Leiden Centraal - 9 - Den Haag Laan v NOI - 12 - Delft - 7 - Schiedam Centrum - 11 - Rotterdam Blaak - 9 - Rotterdam Alexander - 8 - Rotterdam Centraal - 17 - Dordrecht - 18 - Breda - 7 - Etten-Leur - 11 - Roosendaal - 22 - Dordrecht (145)
trein, Leiden Centraal - 15 - Schiphol Airport - 33 - Utrecht Centraal - 18 - Gouda - 28 - Den Haag Laan v NOI - 9 - Leiden Centraal - 12 - Den Haag Centraal - 13 - Delft - 7 - Schiedam Centrum - 5 - Rotterdam Centraal - 8 - Rotterdam Alexander - 9 - Rotterdam Blaak - 14 - Dordrecht (171)
trein, Arnhem Centraal - 10 - Ede-Wageningen - 24 - Utrecht Centraal - 14 - Amersfoort - 24 - Apeldoorn (72)
trein, Haarlem - 11 - Amsterdam Sloterdijk - 6 - Amsterdam Centraal - 20 - Almere Centrum - 27 - Amsterdam Amstel - 8 - Amsterdam Centraal - 27 - Utrecht Centraal - 27 - s-Hertogenbosch - 15 - Tilburg (141)
trein, Amersfoort - 35 - Zwolle - 24 - Deventer - 12 - Zutphen - 20 - Apeldoorn - 10 - Deventer - 24 - Almelo - 10 - Hengelo - 7 - Enschede (142)
trein, Schiphol Airport - 6 - Amsterdam Zuid - 10 - Amsterdam Amstel - 27 - Almere Centrum - 26 - Hilversum - 15 - Utrecht Centraal - 18 - Gouda - 21 - Den Haag HS - 12 - Leiden Centraal - 13 - Heemstede-Aerdenhout - 6 - Haarlem - 16 - Beverwijk (170)
trein, Zwolle - 40 - Assen - 17 - Groningen - 35 - Leeuwarden - 16 - Heerenveen - 14 - Steenwijk - 24 - Zwolle (146)
trein, lijnvoering
trein, Heerlen - 15 - Sittard - 15 - Maastricht - 15 - Sittard - 15 - Roermond - 14 - Weert - 17 - Eindhoven - 18 - s-Hertogenbosch (109)
trein, Venlo - 30 - Helmond - 9 - Eindhoven - 21 - Tilburg - 15 - s-Hertogenbosch - 27 - Utrecht Centraal - 27 - Amsterdam Centraal - 8 - Amsterdam Amstel - 27 - Almere Centrum (164)
trein, Vlissingen - 63 - Roosendaal - 22 - Dordrecht - 17 - Rotterdam Centraal - 8 - Rotterdam Alexander - 10 - Gouda - 21 - Den Haag HS - 8 - Delft (149)
trein, Lelystad Centrum - 14 - Almere Centrum - 20 - Amsterdam Centraal - 6 - Amsterdam Sloterdijk - 11 - Haarlem - 16 - Beverwijk (67)
trein, Enschede - 7 - Hengelo - 10 - Almelo - 42 - Zwolle - 24 - Steenwijk (83)
trein, Zutphen - 12 - Deventer - 24 - Zwolle (36)
trein, Apeldoorn - 10 - Deventer - 24 - Almelo (34)
trein, Castricum - 12 - Zaandam - 26 - Hoorn - 24 - Alkmaar - 36 - Den Helder (98)
trein, Alphen a/d Rijn - 19 - Gouda - 18 - Utrecht Centraal - 28 - Alphen a/d Rijn - 14 - Leiden Centraal - 13 - Heemstede-Aerdenhout - 6 - Haarlem - 11 - Amsterdam Sloterdijk - 6 - Zaandam - 25 - Beverwijk - 13 - Castricum - 9 - Alkmaar (162)
trein, Utrecht Centraal - 14 - Amersfoort - 35 - Zwolle - 40 - Assen - 17 - Groningen - 35 - Leeuwarden - 16 - Heerenveen - 14 - Steenwijk (171)
trein, Den Haag Centraal - 18 - Gouda - 28 - Den Haag Laan v NOI - 12 - Delft - 13 - Den Haag Centraal - 12 - Leiden Centraal - 15 - Schiphol Airport - 33 - Utrecht Centraal - 19 - Amsterdam Amstel - 10 - Amsterdam Zuid - 16 - Amsterdam Sloterdijk (176)
trein, Den Haag HS - 12 - Leiden Centraal - 9 - Den Haag Laan v NOI - 28 - Gouda - 18 - Utrecht Centraal - 24 - Ede-Wageningen - 10 - Arnhem Centraal - 12 - Dieren - 8 - Zutphen - 20 - Apeldoorn - 24 - Amersfoort (165)
trein, Hilversum - 26 - Almere Centrum - 20 - Amsterdam Centraal - 27 - Utrecht Centraal - 15 - Hilversum - 28 - Amsterdam Amstel - 10 - Amsterdam Zuid - 6 - Schiphol Airport (132)
trein, Schiedam Centrum - 5 - Rotterdam Centraal - 8 - Rotterdam Alexander - 9 - Rotterdam Blaak - 14 - Dordrecht - 18 - Breda - 13 - Tilburg - 15 - s-Hertogenbosch - 11 - Oss - 16 - Nijmegen - 12 - Arnhem Centraal (121)
trein, Roosendaal - 11 - Etten-Leur - 7 - Breda - 18 - Dordrecht - 17 - Rotterdam Centraal - 8 - Rotterdam Alexander - 9 - Rotterdam Blaak - 11 - Schiedam Centrum - 7 - Delft (88)
trein, lijnvoering
trein, Enschede - 7 - Hengelo - 10 - Almelo - 42 - Zwolle - 24 - Deventer - 10 - Apeldoorn - 20 - Zutphen - 12 - Deventer - 24 - Almelo (149)
trein, Heerlen - 15 - Sittard - 15 - Roermond - 14 - Weert - 17 - Eindhoven - 18 - s-Hertogenbosch (79)
trein, Den Helder - 36 - Alkmaar - 9 - Castricum - 12 - Zaandam - 6 - Amsterdam Sloterdijk - 6 - Amsterdam Centraal - 20 - Almere Centrum - 27 - Amsterdam Amstel - 10 - Amsterdam Zuid - 6 - Schiphol Airport - 33 - Utrecht Centraal - 14 - Amersfoort (179)
trein, Vlissingen - 63 - Roosendaal - 22 - Dordrecht - 18 - Breda - 13 - Tilburg - 15 - s-Hertogenbosch - 27 - Utrecht Centraal (158)
trein, Venlo - 30 - Helmond - 9 - Eindhoven - 21 - Tilburg - 13 - Breda - 7 - Etten-Leur - 11 - Roosendaal - 22 - Dordrecht - 17 - Rotterdam Centraal - 8 - Rotterdam Alexander - 10 - Gouda - 28 - Den Haag Laan v NOI (176)
trein, Hilversum - 15 - Utrecht Centraal - 28 - Alphen a/d Rijn - 14 - Leiden Centraal - 12 - Den Haag HS - 21 - Gouda - 18 - Den Haag Centraal - 13 - Delft - 8 - Den Haag HS (129)
trein, Maastricht - 15 - Sittard - 15 - Roermond - 14 - Weert - 17 - Eindhoven - 21 - Tilburg - 15 - s-Hertogenbosch - 11 - Oss - 16 - Nijmegen - 12 - Arnhem Centraal - 12 - Dieren - 8 - Zutphen (156)
trein, Heerenveen - 14 - Steenwijk - 24 - Zwolle (38)
trein, Alphen a/d Rijn - 19 - Gouda - 18 - Utrecht Centraal - 19 - Amsterdam Amstel - 8 - Amsterdam Centraal - 27 - Utrecht Centraal - 24 - Ede-Wageningen - 10 - Arnhem Centraal (125)
trein, Apeldoorn - 24 - Amersfoort - 35 - Zwolle - 40 - Assen - 17 - Groningen - 35 - Leeuwarden - 16 - Heerenveen (167)
trein, Haarlem - 6 - Heemstede-Aerdenhout - 13 - Leiden Centraal - 15 - Schiphol Airport - 6 - Amsterdam Zuid - 16 - Amsterdam Sloterdijk - 11 - Haarlem - 16 - Beverwijk - 25 - Zaandam - 26 - Hoorn - 24 - Alkmaar - 9 - Castricum - 13 - Beverwijk (180)
trein, Schiedam Centrum - 7 - Delft - 12 - Den Haag Laan v NOI - 9 - Leiden Centraal - 12 - Den Haag Centraal - 18 - Gouda - 10 - Rotterdam Alexander - 9 - Rotterdam Blaak - 11 - Schiedam Centrum - 5 - Rotterdam Centraal - 17 - Dordrecht - 14 - Rotterdam Blaak (124)
trein, Amsterdam Amstel - 28 - Hilversum - 26 - Almere Centrum - 14 - Lelystad Centrum (68)
trein, lijnvoering
trein, Den Helder - 36 - Alkmaar - 9 - Castricum - 13 - Beverwijk - 16 - Haarlem - 11 - Amsterdam Sloterdijk - 6 - Zaandam - 12 - Castricum - 13 - Beverwijk - 25 - Zaandam (141)
trein, Vlissingen - 63 - Roosendaal - 22 - Dordrecht - 17 - Rotterdam Centraal - 8 - Rotterdam Alexander - 9 - Rotterdam Blaak - 14 - Dordrecht - 18 - Breda - 13 - Tilburg (164)
trein, Lelystad Centrum - 14 - Almere Centrum - 20 - Amsterdam Centraal - 8 - Amsterdam Amstel - 27 - Almere Centrum - 26 - Hilversum - 15 - Utrecht Centraal - 18 - Gouda - 21 - Den Haag HS - 8 - Delft - 7 - Schiedam Centrum - 5 - Rotterdam Centraal (169)
trein, Venlo - 30 - Helmond - 9 - Eindhoven - 21 - Tilburg - 15 - s-Hertogenbosch - 11 - Oss - 16 - Nijmegen - 12 - Arnhem Centraal - 10 - Ede-Wageningen - 24 - Utrecht Centraal - 14 - Amersfoort (162)
trein, Zutphen - 20 - Apeldoorn - 10 - Deventer - 24 - Zwolle - 35 - Amersfoort - 24 - Apeldoorn (113)
trein, Maastricht - 15 - Sittard - 15 - Heerlen - 15 - Sittard - 15 - Roermond - 14 - Weert - 17 - Eindhoven - 18 - s-Hertogenbosch - 27 - Utrecht Centraal - 19 - Amsterdam Amstel (155)
trein, Amsterdam Zuid - 16 - Amsterdam Sloterdijk - 6 - Amsterdam Centraal - 27 - Utrecht Centraal - 33 - Schiphol Airport - 15 - Leiden Centraal - 9 - Den Haag Laan v NOI - 12 - Delft - 13 - Den Haag Centraal (131)
trein, Den Haag HS - 12 - Leiden Centraal - 12 - Den Haag Centraal - 18 - Gouda - 28 - Den Haag Laan v NOI - 12 - Delft - 7 - Schiedam Centrum - 11 - Rotterdam Blaak - 9 - Rotterdam Alexander - 8 - Rotterdam Centraal - 17 - Dordrecht - 22 - Roosendaal - 11 - Etten-Leur - 7 - Breda (174)
trein, Alkmaar - 24 - Hoorn - 26 - Zaandam - 12 - Castricum - 13 - Beverwijk - 16 - Haarlem - 6 - Heemstede-Aerdenhout - 13 - Leiden Centraal - 14 - Alphen a/d Rijn (124)
trein, Amsterdam Amstel - 28 - Hilversum - 15 - Utrecht Centraal - 28 - Alphen a/d Rijn - 19 - Gouda - 10 - Rotterdam Alexander - 9 - Rotterdam Blaak - 11 - Schiedam Centrum - 7 - Delft - 12 - Den Haag Laan v NOI - 9 - Leiden Centraal - 15 - Schiphol Airport - 6 - Amsterdam Zuid - 10 - Amsterdam Amstel (179)
trein, Zwolle - 40 - Assen - 17 - Groningen - 35 - Leeuwarden - 16 - Heerenveen - 14 - Steenwijk - 24 - Zwolle (146)
trein, Zwolle - 42 - Almelo - 10 - Hengelo - 7 - Enschede - 7 - Hengelo - 10 - Almelo - 24 - Deventer - 12 - Zutphen - 8 - Dieren - 12 - Arnhem Centraal (132)
trein, lijnvoering
trein, Heerlen - 15 - Sittard - 15 - Maastricht - 15 - Sittard - 15 - Roermond - 14 - Weert - 17 - Eindhoven - 18 - s-Hertogenbosch - 27 - Utrecht Centraal - 28 - Alphen a/d Rijn (164)
trein, Den Helder - 36 - Alkmaar (36)
trein, Almere Centrum - 26 - Hilversum - 15 - Utrecht Centraal - 24 - Ede-Wageningen - 10 - Arnhem Centraal - 12 - Dieren - 8 - Zutphen - 12 - Deventer - 10 - Apeldoorn - 20 - Zutphen (137)
trein, Venlo - 30 - Helmond - 9 - Eindhoven - 21 - Tilburg - 15 - s-Hertogenbosch - 11 - Oss - 16 - Nijmegen - 12 - Arnhem Centraal - 12 - Dieren - 8 - Zutphen - 12 - Deventer - 24 - Almelo (170)
trein, Vlissingen - 63 - Roosendaal - 22 - Dordrecht - 18 - Breda - 7 - Etten-Leur - 11 - Roosendaal (121)
trein, Enschede - 7 - Hengelo - 10 - Almelo - 42 - Zwolle (59)
trein, Zaandam - 25 - Beverwijk - 16 - Haarlem - 11 - Amsterdam Sloterdijk - 16 - Amsterdam Zuid - 10 - Amsterdam Amstel - 28 - Hilversum (106)
trein, Rotterdam Alexander - 9 - Rotterdam Blaak - 14 - Dordrecht - 17 - Rotterdam Centraal - 5 - Schiedam Centrum - 11 - Rotterdam Blaak - 11 - Schiedam Centrum - 7 - Delft - 12 - Den Haag Laan v NOI - 9 - Leiden Centraal - 15 - Schiphol Airport - 33 - Utrecht Centraal - 18 - Gouda - 18 - Den Haag Centraal (179)
trein, Gouda - 21 - Den Haag HS - 12 - Leiden Centraal - 13 - Heemstede-Aerdenhout - 6 - Haarlem - 16 - Beverwijk - 13 - Castricum - 9 - Alkmaar - 24 - Hoorn - 26 - Zaandam - 6 - Amsterdam Sloterdijk (146)
trein, Leiden Centraal - 14 - Alphen a/d Rijn - 19 - Gouda - 10 - Rotterdam Alexander - 8 - Rotterdam Centraal - 5 - Schiedam Centrum - 11 - Rotterdam Blaak - 14 - Dordrecht - 18 - Breda - 13 - Tilburg (112)
trein, Amersfoort - 35 - Zwolle - 24 - Deventer - 10 - Apeldoorn - 24 - Amersfoort - 14 - Utrecht Centraal (107)
trein, Utrecht Centraal - 19 - Amsterdam Amstel - 8 - Amsterdam Centraal - 27 - Utrecht Centraal - 18 - Gouda - 28 - Den Haag Laan v NOI - 12 - Delft - 13 - Den Haag Centraal - 12 - Leiden Centraal - 12 - Den Haag HS - 8 - Delft (157)
trein, Zwolle - 24 - Steenwijk - 14 - Heerenveen - 16 - Leeuwarden - 35 - Groningen - 17 - Assen - 40 - Zwolle (146)
trein, Amsterdam Amstel - 27 - Almere Centrum - 14 - Lelystad Centrum - 14 - Almere Centrum - 20 - Amsterdam Centraal - 6 - Amsterdam Sloterdijk - 16 - Amsterdam Zuid - 6 - Schiphol Airport - 15 - Leiden Centraal - 13 - Heemstede-Aerdenhout - 6 - Haarlem - 16 - Beverwijk - 13 - Castricum - 12 - Zaandam (178)
trein, lijnvoering
trein, Lelystad Centrum - 14 - Almere Centrum - 20 - Amsterdam Centraal - 27 - Utrecht Centraal - 28 - Alphen a/d Rijn - 14 - Leiden Centraal - 15 - Schiphol Airport - 6 - Amsterdam Zuid - 16 - Amsterdam Sloterdijk - 6 - Amsterdam Centraal - 8 - Amsterdam Amstel (154)
trein, Zaandam - 25 - Beverwijk - 13 - Castricum - 12 - Zaandam - 6 - Amsterdam Sloterdijk - 11 - Haarlem (67)
trein, Dordrecht - 22 - Roosendaal - 11 - Etten-Leur - 7 - Breda - 13 - Tilburg - 21 - Eindhoven - 18 - s-Hertogenbosch - 11 - Oss - 16 - Nijmegen - 12 - Arnhem Centraal (131)
trein, Venlo - 30 - Helmond - 9 - Eindhoven - 17 - Weert - 14 - Roermond - 15 - Sittard - 15 - Maastricht - 15 - Sittard - 15 - Heerlen (130)
trein, Vlissingen - 63 - Roosendaal - 11 - Etten-Leur - 7 - Breda - 18 - Dordrecht - 17 - Rotterdam Centraal - 5 - Schiedam Centrum - 7 - Delft - 13 - Den Haag Centraal - 18 - Gouda (159)
trein, Beverwijk - 16 - Haarlem - 6 - Heemstede-Aerdenhout - 13 - Leiden Centraal - 12 - Den Haag HS - 8 - Delft - 12 - Den Haag Laan v NOI - 28 - Gouda - 10 - Rotterdam Alexander - 9 - Rotterdam Blaak - 11 - Schiedam Centrum - 5 - Rotterdam Centraal - 8 - Rotterdam Alexander (138)
trein, Zutphen - 8 - Dieren - 12 - Arnhem Centraal - 10 - Ede-Wageningen - 24 - Utrecht Centraal - 27 - s-Hertogenbosch - 15 - Tilburg (96)
trein, Leiden Centraal - 9 - Den Haag Laan v NOI - 12 - Delft - 13 - Den Haag Centraal - 12 - Leiden Centraal - 14 - Alphen a/d Rijn - 19 - Gouda - 18 - Utrecht Centraal - 19 - Amsterdam Amstel (116)
trein, Zwolle - 35 - Amersfoort - 24 - Apeldoorn - 10 - Deventer - 24 - Almelo - 10 - Hengelo - 7 - Enschede - 7 - Hengelo - 10 - Almelo - 42 - Zwolle (169)
trein, Zwolle - 40 - Assen - 17 - Groningen - 35 - Leeuwarden (92)
trein, Utrecht Centraal - 15 - Hilversum - 26 - Almere Centrum - 27 - Amsterdam Amstel - 28 - Hilversum - 28 - Amsterdam Amstel - 10 - Amsterdam Zuid (134)
trein, Zaandam - 26 - Hoorn - 24 - Alkmaar - 36 - Den Helder - 36 - Alkmaar - 9 - Castricum (131)
trein, Utrecht Centraal - 14 - Amersfoort - 24 - Apeldoorn - 20 - Zutphen - 12 - Deventer - 24 - Zwolle - 24 - Steenwijk - 14 - Heerenveen - 16 - Leeuwarden (148)
trein, Den Haag HS - 21 - Gouda - 10 - Rotterdam Alexander - 9 - Rotterdam Blaak - 14 - Dordrecht - 17 - Rotterdam Centraal - 5 - Schiedam Centrum - 7 - Delft - 13 - Den Haag Centraal - 12 - Leiden Centraal - 15 - Schiphol Airport - 33 - Utrecht Centraal (156)
trein, lijnvoering
trein, Maastricht - 15 - Sittard - 15 - Roermond - 14 - Weert - 17 - Eindhoven - 21 - Tilburg - 13 - Breda - 18 - Dordrecht - 17 - Rotterdam Centraal - 8 - Rotterdam Alexander - 9 - Rotterdam Blaak (147)
trein, Enschede - 7 - Hengelo - 10 - Almelo - 24 - Deventer - 12 - Zutphen - 20 - Apeldoorn - 10 - Deventer - 24 - Zwolle - 40 - Assen (147)
trein, Den Helder - 36 - Alkmaar - 24 - Hoorn - 26 - Zaandam - 25 - Beverwijk - 16 - Haarlem - 11 - Amsterdam Sloterdijk (138)
trein, Venlo - 30 - Helmond - 9 - Eindhoven - 18 - s-Hertogenbosch - 15 - Tilburg - 13 - Breda - 7 - Etten-Leur - 11 - Roosendaal - 22 - Dordrecht - 17 - Rotterdam Centraal - 5 - Schiedam Centrum - 7 - Delft - 13 - Den Haag Centraal (167)
trein, Heerlen - 15 - Sittard - 15 - Roermond - 14 - Weert - 17 - Eindhoven - 21 - Tilburg - 13 - Breda - 7 - Etten-Leur - 11 - Roosendaal - 63 - Vlissingen (176)
trein, Apeldoorn - 24 - Amersfoort - 14 - Utrecht Centraal - 19 - Amsterdam Amstel - 8 - Amsterdam Centraal - 27 - Utrecht Centraal (92)
trein, Den Haag Laan v NOI - 28 - Gouda - 10 - Rotterdam Alexander (38)
trein, Utrecht Centraal - 28 - Alphen a/d Rijn - 19 - Gouda - 18 - Den Haag Centraal - 12 - Leiden Centraal - 9 - Den Haag Laan v NOI - 12 - Delft (98)
trein, Arnhem Centraal - 12 - Nijmegen - 16 - Oss - 11 - s-Hertogenbosch - 27 - Utrecht Centraal - 18 - Gouda - 21 - Den Haag HS - 8 - Delft - 7 - Schiedam Centrum - 11 - Rotterdam Blaak - 14 - Dordrecht (145)
trein, Alphen a/d Rijn - 14 - Leiden Centraal - 15 - Schiphol Airport - 6 - Amsterdam Zuid - 10 - Amsterdam Amstel - 28 - Hilversum - 26 - Almere Centrum - 20 - Amsterdam Centraal - 6 - Amsterdam Sloterdijk - 6 - Zaandam - 12 - Castricum - 13 - Beverwijk (156)
trein, Zutphen - 8 - Dieren - 12 - Arnhem Centraal - 10 - Ede-Wageningen - 24 - Utrecht Centraal - 15 - Hilversum - 28 - Amsterdam Amstel - 27 - Almere Centrum - 14 - Lelystad Centrum (138)
trein, Almelo - 42 - Zwolle - 24 - Steenwijk - 14 - Heerenveen - 16 - Leeuwarden - 35 - Groningen - 17 - Assen (148)
trein, Zwolle - 35 - Amersfoort - 14 - Utrecht Centraal - 33 - Schiphol Airport (82)
trein, Den Haag HS - 12 - Leiden Centraal - 13 - Heemstede-Aerdenhout - 6 - Haarlem - 16 - Beverwijk - 25 - Zaandam - 12 - Castricum - 9 - Alkmaar - 24 - Hoorn - 26 - Zaandam - 6 - Amsterdam Sloterdijk - 16 - Amsterdam Zuid (165)
trein, lijnvoering
trein, Beverwijk - 13 - Castricum (13)
trein, Eindhoven - 18 - s-Hertogenbosch - 27 - Utrecht Centraal - 19 - Amsterdam Amstel - 8 - Amsterdam Centraal - 27 - Utrecht Centraal - 14 - Amersfoort (113)
trein, Vlissingen - 63 - Roosendaal - 22 - Dordrecht - 18 - Breda - 7 - Etten-Leur - 11 - Roosendaal (121)
trein, Almelo - 42 - Zwolle - 40 - Assen - 17 - Groningen - 35 - Leeuwarden (134)
trein, Heerlen - 15 - Sittard - 15 - Roermond - 14 - Weert - 17 - Eindhoven - 21 - Tilburg - 15 - s-Hertogenbosch - 11 - Oss - 16 - Nijmegen - 12 - Arnhem Centraal - 10 - Ede-Wageningen - 24 - Utrecht Centraal (170)
trein, Maastricht - 15 - Sittard (15)
trein, Lelystad Centrum - 14 - Almere Centrum - 26 - Hilversum - 28 - Amsterdam Amstel - 27 - Almere Centrum - 20 - Amsterdam Centraal - 6 - Amsterdam Sloterdijk (121)
trein, Breda - 13 - Tilburg - 21 - Eindhoven - 9 - Helmond - 30 - Venlo (73)
trein, Zwolle - 24 - Deventer - 12 - Zutphen - 20 - Apeldoorn - 10 - Deventer - 24 - Almelo - 10 - Hengelo - 7 - Enschede (107)
trein, Utrecht Centraal - 33 - Schiphol Airport - 6 - Amsterdam Zuid - 16 - Amsterdam Sloterdijk - 11 - Haarlem - 6 - Heemstede-Aerdenhout - 13 - Leiden Centraal - 12 - Den Haag HS - 21 - Gouda - 18 - Den Haag Centraal - 12 - Leiden Centraal - 15 - Schiphol Airport (163)
trein, Rotterdam Alexander - 10 - Gouda - 28 - Den Haag Laan v NOI - 9 - Leiden Centraal - 14 - Alphen a/d Rijn - 19 - Gouda - 18 - Utrecht Centraal (98)
trein, Rotterdam Centraal - 17 - Dordrecht - 14 - Rotterdam Blaak - 11 - Schiedam Centrum - 5 - Rotterdam Centraal - 8 - Rotterdam Alexander - 9 - Rotterdam Blaak - 11 - Schiedam Centrum - 7 - Delft - 13 - Den Haag Centraal - 12 - Leiden Centraal - 9 - Den Haag Laan v NOI - 12 - Delft - 8 - Den Haag HS (136)
trein, Alkmaar - 9 - Castricum - 12 - Zaandam - 26 - Hoorn - 24 - Alkmaar - 36 - Den Helder (107)
trein, Arnhem Centraal - 12 - Dieren - 8 - Zutphen - 20 - Apeldoorn - 24 - Amersfoort - 35 - Zwolle - 24 - Steenwijk - 14 - Heerenveen - 16 - Leeuwarden (153)
trein, Haarlem - 16 - Beverwijk - 25 - Zaandam - 6 - Amsterdam Sloterdijk - 16 - Amsterdam Zuid - 10 - Amsterdam Amstel - 28 - Hilversum - 15 - Utrecht Centraal - 28 - Alphen a/d Rijn (144)
trein, lijnvoering
trein, Venlo - 30 - Helmond - 9 - Eindhoven - 21 - Tilburg - 15 - s-Hertogenbosch (75)
trein, Almere Centrum - 27 - Amsterdam Amstel - 10 - Amsterdam Zuid - 16 - Amsterdam Sloterdijk - 6 - Amsterdam Centraal - 20 - Almere Centrum - 26 - Hilversum - 15 - Utrecht Centraal (120)
trein, Heerlen - 15 - Sittard - 15 - Maastricht - 15 - Sittard - 15 - Roermond - 14 - Weert - 17 - Eindhoven - 18 - s-Hertogenbosch (109)
trein, Enschede - 7 - Hengelo - 10 - Almelo - 42 - Zwolle - 24 - Steenwijk (83)
trein, Castricum - 12 - Zaandam - 25 - Beverwijk - 16 - Haarlem - 11 - Amsterdam Sloterdijk - 6 - Zaandam - 26 - Hoorn - 24 - Alkmaar (120)
trein, Vlissingen - 63 - Roosendaal - 11 - Etten-Leur - 7 - Breda - 18 - Dordrecht - 22 - Roosendaal - 11 - Etten-Leur - 7 - Breda - 13 - Tilburg (152)
trein, Rotterdam Alexander - 10 - Gouda - 21 - Den Haag HS - 12 - Leiden Centraal - 13 - Heemstede-Aerdenhout - 6 - Haarlem - 16 - Beverwijk - 13 - Castricum - 9 - Alkmaar - 36 - Den Helder (136)
trein, Utrecht Centraal - 33 - Schiphol Airport - 15 - Leiden Centraal - 12 - Den Haag Centraal - 18 - Gouda - 28 - Den Haag Laan v NOI - 9 - Leiden Centraal - 12 - Den Haag HS - 8 - Delft - 12 - Den Haag Laan v NOI (147)
trein, Amsterdam Zuid - 6 - Schiphol Airport - 15 - Leiden Centraal - 14 - Alphen a/d Rijn - 19 - Gouda - 18 - Utrecht Centraal - 14 - Amersfoort - 24 - Apeldoorn - 20 - Zutphen - 12 - Deventer - 24 - Zwolle (166)
trein, Utrecht Centraal - 27 - Amsterdam Centraal - 8 - Amsterdam Amstel - 28 - Hilversum - 26 - Almere Centrum - 14 - Lelystad Centrum (103)
trein, Almelo - 24 - Deventer - 10 - Apeldoorn - 20 - Zutphen - 8 - Dieren - 12 - Arnhem Centraal (74)
trein, Amersfoort - 35 - Zwolle - 40 - Assen - 17 - Groningen - 35 - Leeuwarden - 16 - Heerenveen - 14 - Steenwijk (157)
trein, Delft - 13 - Den Haag Centraal - 12 - Leiden Centraal - 14 - Alphen a/d Rijn - 28 - Utrecht Centraal - 27 - s-Hertogenbosch - 11 - Oss - 16 - Nijmegen - 12 - Arnhem Centraal - 10 - Ede-Wageningen - 24 - Utrecht Centraal (167)
trein, Rotterdam Centraal - 8 - Rotterdam Alexander - 9 - Rotterdam Blaak - 11 - Schiedam Centrum - 5 - Rotterdam Centraal - 17 - Dordrecht - 14 - Rotterdam Blaak - 11 - Schiedam Centrum - 7 - Delft - 8 - Den Haag HS - 21 - Gouda - 18 - Utrecht Centraal - 19 - Amsterdam Amstel (148)
trein, lijnvoering
trein, Zwolle - 24 - Deventer - 12 - Zutphen - 20 - Apeldoorn - 24 - Amersfoort - 35 - Zwolle (115)
trein, Lelystad Centrum - 14 - Almere Centrum (14)
trein, Maastricht - 15 - Sittard - 15 - Heerlen - 15 - Sittard - 15 - Roermond - 14 - Weert - 17 - Eindhoven - 18 - s-Hertogenbosch - 11 - Oss - 16 - Nijmegen - 12 - Arnhem Centraal (148)
trein, Venlo - 30 - Helmond - 9 - Eindhoven (39)
trein, Dordrecht - 18 - Breda - 13 - Tilburg - 15 - s-Hertogenbosch - 27 - Utrecht Centraal (73)
trein, Schiphol Airport - 33 - Utrecht Centraal - 28 - Alphen a/d Rijn - 19 - Gouda - 10 - Rotterdam Alexander - 8 - Rotterdam Centraal (98)
trein, Den Haag Laan v NOI - 9 - Leiden Centraal - 12 - Den Haag HS - 21 - Gouda - 18 - Den Haag Centraal - 13 - Delft - 7 - Schiedam Centrum - 11 - Rotterdam Blaak - 14 - Dordrecht - 22 - Roosendaal - 11 - Etten-Leur - 7 - Breda - 13 - Tilburg - 21 - Eindhoven (179)
trein, Rotterdam Alexander - 9 - Rotterdam Blaak - 14 - Dordrecht - 22 - Roosendaal - 63 - Vlissingen (108)
trein, Assen - 17 - Groningen - 35 - Leeuwarden - 16 - Heerenveen - 14 - Steenwijk - 24 - Zwolle (106)
trein, Zutphen - 8 - Dieren - 12 - Arnhem Centraal - 10 - Ede-Wageningen - 24 - Utrecht Centraal - 27 - Amsterdam Centraal - 20 - Almere Centrum - 26 - Hilversum - 28 - Amsterdam Amstel - 19 - Utrecht Centraal (174)
trein, Amersfoort - 14 - Utrecht Centraal - 15 - Hilversum - 28 - Amsterdam Amstel - 8 - Amsterdam Centraal - 6 - Amsterdam Sloterdijk - 16 - Amsterdam Zuid - 6 - Schiphol Airport - 15 - Leiden Centraal - 14 - Alphen a/d Rijn (122)
trein, Apeldoorn - 10 - Deventer - 24 - Almelo - 10 - Hengelo - 7 - Enschede - 7 - Hengelo - 7 - Enschede - 7 - Hengelo - 10 - Almelo - 42 - Zwolle - 40 - Assen (164)
trein, Beverwijk - 25 - Zaandam - 12 - Castricum - 9 - Alkmaar - 36 - Den Helder - 36 - Alkmaar - 24 - Hoorn - 26 - Zaandam - 6 - Amsterdam Sloterdijk (174)
trein, Castricum - 13 - Beverwijk - 16 - Haarlem - 6 - Heemstede-Aerdenhout - 13 - Leiden Centraal - 12 - Den Haag Centraal - 13 - Delft - 12 - Den Haag Laan v NOI - 28 - Gouda - 21 - Den Haag HS - 8 - Delft - 7 - Schiedam Centrum - 5 - Rotterdam Centraal - 17 - Dordrecht (171)
trein, Haarlem - 11 - Amsterdam Sloterdijk - 16 - Amsterdam Zuid - 10 - Amsterdam Amstel - 27 - Almere Centrum - 26 - Hilversum - 15 - Utrecht Centraal - 18 - Gouda (123)
trein, lijnvoering
trein, Venlo - 30 - Helmond - 9 - Eindhoven - 17 - Weert - 14 - Roermond - 15 - Sittard - 15 - Maastricht - 15 - Sittard - 15 - Heerlen (130)
trein, Vlissingen - 63 - Roosendaal - 22 - Dordrecht - 17 - Rotterdam Centraal (102)
trein, Den Helder - 36 - Alkmaar - 24 - Hoorn - 26 - Zaandam - 25 - Beverwijk - 16 - Haarlem - 6 - Heemstede-Aerdenhout - 13 - Leiden Centraal - 9 - Den Haag Laan v NOI (155)
trein, Lelystad Centrum - 14 - Almere Centrum - 27 - Amsterdam Amstel - 28 - Hilversum - 26 - Almere Centrum - 20 - Amsterdam Centraal - 6 - Amsterdam Sloterdijk - 16 - Amsterdam Zuid - 6 - Schiphol Airport - 15 - Leiden Centraal - 14 - Alphen a/d Rijn (172)
trein, Deventer - 24 - Zwolle - 42 - Almelo - 24 - Deventer - 10 - Apeldoorn - 24 - Amersfoort (124)
trein, Breda - 18 - Dordrecht - 14 - Rotterdam Blaak - 11 - Schiedam Centrum - 7 - Delft - 8 - Den Haag HS - 12 - Leiden Centraal - 12 - Den Haag Centraal - 13 - Delft - 12 - Den Haag Laan v NOI - 28 - Gouda - 18 - Utrecht Centraal (153)
trein, Zaandam - 12 - Castricum - 13 - Beverwijk - 16 - Haarlem - 11 - Amsterdam Sloterdijk - 6 - Zaandam - 25 - Beverwijk - 13 - Castricum - 9 - Alkmaar (105)
trein, Zwolle - 24 - Steenwijk - 14 - Heerenveen - 16 - Leeuwarden - 35 - Groningen - 17 - Assen - 40 - Zwolle (146)
trein, Hilversum - 15 - Utrecht Centraal - 24 - Ede-Wageningen - 10 - Arnhem Centraal - 12 - Dieren - 8 - Zutphen - 20 - Apeldoorn - 10 - Deventer - 12 - Zutphen - 12 - Deventer - 24 - Almelo - 10 - Hengelo - 7 - Enschede (164)
trein, Schiphol Airport - 33 - Utrecht Centraal - 19 - Amsterdam Amstel - 10 - Amsterdam Zuid - 16 - Amsterdam Sloterdijk - 6 - Amsterdam Centraal - 8 - Amsterdam Amstel (92)
trein, Tilburg - 15 - s-Hertogenbosch - 27 - Utrecht Centraal - 28 - Alphen a/d Rijn - 19 - Gouda - 10 - Rotterdam Alexander - 8 - Rotterdam Centraal - 5 - Schiedam Centrum - 7 - Delft - 13 - Den Haag Centraal - 18 - Gouda (150)
trein, Eindhoven - 21 - Tilburg - 13 - Breda - 7 - Etten-Leur - 11 - Roosendaal - 22 - Dordrecht - 14 - Rotterdam Blaak - 9 - Rotterdam Alexander (97)
trein, Utrecht Centraal - 27 - Amsterdam Centraal - 20 - Almere Centrum - 26 - Hilversum - 28 - Amsterdam Amstel - 10 - Amsterdam Zuid - 6 - Schiphol Airport - 15 - Leiden Centraal - 12 - Den Haag HS - 21 - Gouda (165)
trein, Zwolle - 35 - Amersfoort - 14 - Utrecht Centraal - 24 - Ede-Wageningen - 10 - Arnhem Centraal - 12 - Nijmegen - 16 - Oss - 11 - s-Hertogenbosch - 18 - Eindhoven (140)
trein, lijnvoering
trein, Almere Centrum - 26 - Hilversum - 28 - Amsterdam Amstel - 10 - Amsterdam Zuid - 16 - Amsterdam Sloterdijk (80)
trein, Den Helder - 36 - Alkmaar - 9 - Castricum - 13 - Beverwijk - 16 - Haarlem - 6 - Heemstede-Aerdenhout - 13 - Leiden Centraal - 9 - Den Haag Laan v NOI - 28 - Gouda - 18 - Utrecht Centraal - 15 - Hilversum (163)
trein, Enschede - 7 - Hengelo - 10 - Almelo - 42 - Zwolle - 35 - Amersfoort - 14 - Utrecht Centraal - 19 - Amsterdam Amstel - 27 - Almere Centrum (154)
trein, Vlissingen - 63 - Roosendaal - 22 - Dordrecht - 18 - Breda - 13 - Tilburg - 21 - Eindhoven (137)
trein, Maastricht - 15 - Sittard - 15 - Roermond - 14 - Weert - 17 - Eindhoven - 9 - Helmond - 30 - Venlo (100)
trein, Heerlen - 15 - Sittard - 15 - Roermond - 14 - Weert - 17 - Eindhoven - 18 - s-Hertogenbosch (79)
trein, Den Haag HS - 8 - Delft - 12 - Den Haag Laan v NOI - 9 - Leiden Centraal - 12 - Den Haag HS - 21 - Gouda - 18 - Den Haag Centraal (80)
trein, Castricum - 12 - Zaandam - 6 - Amsterdam Sloterdijk - 11 - Haarlem - 6 - Heemstede-Aerdenhout - 13 - Leiden Centraal - 14 - Alphen a/d Rijn - 28 - Utrecht Centraal - 27 - s-Hertogenbosch - 11 - Oss - 16 - Nijmegen - 12 - Arnhem Centraal (156)
trein, Assen - 17 - Groningen - 35 - Leeuwarden - 16 - Heerenveen - 14 - Steenwijk - 24 - Zwolle - 24 - Deventer - 10 - Apeldoorn (140)
trein, Rotterdam Alexander - 8 - Rotterdam Centraal - 17 - Dordrecht - 14 - Rotterdam Blaak - 11 - Schiedam Centrum - 7 - Delft - 13 - Den Haag Centraal - 12 - Leiden Centraal - 15 - Schiphol Airport - 33 - Utrecht Centraal - 27 - Amsterdam Centraal - 8 - Amsterdam Amstel (165)
trein, Zutphen - 12 - Deventer - 24 - Almelo (36)
trein, Utrecht Centraal - 24 - Ede-Wageningen - 10 - Arnhem Centraal - 12 - Dieren - 8 - Zutphen - 20 - Apeldoorn - 24 - Amersfoort - 35 - Zwolle - 40 - Assen (173)
trein, Alkmaar - 24 - Hoorn - 26 - Zaandam - 25 - Beverwijk - 16 - Haarlem - 11 - Amsterdam Sloterdijk - 6 - Amsterdam Centraal - 20 - Almere Centrum - 14 - Lelystad Centrum (142)
trein, Amsterdam Zuid - 6 - Schiphol Airport - 15 - Leiden Centraal - 14 - Alphen a/d Rijn - 19 - Gouda - 10 - Rotterdam Alexander - 9 - Rotterdam Blaak - 11 - Schiedam Centrum - 5 - Rotterdam Centraal - 17 - Dordrecht - 22 - Roosendaal - 11 - Etten-Leur - 7 - Breda - 13 - Tilburg - 15 - s-Hertogenbosch (174)
trein, lijnvoering
trein, Heerlen - 15 - Sittard - 15 - Maastricht - 15 - Sittard - 15 - Roermond - 14 - Weert - 17 - Eindhoven (91)
trein, Amsterdam Zuid - 16 - Amsterdam Sloterdijk - 11 - Haarlem - 16 - Beverwijk (43)
trein, Den Helder - 36 - Alkmaar - 9 - Castricum - 12 - Zaandam - 26 - Hoorn - 24 - Alkmaar - 9 - Castricum - 13 - Beverwijk - 25 - Zaandam - 6 - Amsterdam Sloterdijk - 6 - Amsterdam Centraal (166)
trein, Enschede - 7 - Hengelo - 10 - Almelo - 42 - Zwolle - 24 - Steenwijk (83)
trein, Zwolle - 40 - Assen - 17 - Groningen - 35 - Leeuwarden - 16 - Heerenveen - 14 - Steenwijk (122)
trein, Den Haag Laan v NOI - 28 - Gouda - 21 - Den Haag HS - 12 - Leiden Centraal - 14 - Alphen a/d Rijn - 19 - Gouda - 18 - Den Haag Centraal - 13 - Delft - 12 - Den Haag Laan v NOI - 9 - Leiden Centraal - 12 - Den Haag Centraal (158)
trein, Rotterdam Alexander - 8 - Rotterdam Centraal - 17 - Dordrecht - 22 - Roosendaal - 63 - Vlissingen (110)
trein, Zutphen - 20 - Apeldoorn - 24 - Amersfoort - 14 - Utrecht Centraal - 15 - Hilversum - 28 - Amsterdam Amstel - 27 - Almere Centrum - 20 - Amsterdam Centraal - 8 - Amsterdam Amstel - 19 - Utrecht Centraal (175)
trein, Schiedam Centrum - 5 - Rotterdam Centraal - 17 - Dordrecht - 14 - Rotterdam Blaak - 9 - Rotterdam Alexander - 10 - Gouda - 18 - Utrecht Centraal - 27 - s-Hertogenbosch - 18 - Eindhoven - 21 - Tilburg - 15 - s-Hertogenbosch (154)
trein, Utrecht Centraal - 27 - Amsterdam Centraal - 8 - Amsterdam Amstel - 27 - Almere Centrum - 26 - Hilversum - 15 - Utrecht Centraal - 24 - Ede-Wageningen - 10 - Arnhem Centraal (137)
trein, Zwolle - 24 - Deventer - 12 - Zutphen - 8 - Dieren - 12 - Arnhem Centraal - 12 - Nijmegen - 16 - Oss - 11 - s-Hertogenbosch - 18 - Eindhoven - 9 - Helmond - 30 - Venlo (152)
trein, Schiphol Airport - 6 - Amsterdam Zuid - 10 - Amsterdam Amstel - 8 - Amsterdam Centraal - 20 - Almere Centrum - 14 - Lelystad Centrum - 14 - Almere Centrum - 26 - Hilversum - 15 - Utrecht Centraal - 33 - Schiphol Airport - 15 - Leiden Centraal - 13 - Heemstede-Aerdenhout - 6 - Haarlem (180)
trein, Apeldoorn - 10 - Deventer - 24 - Almelo - 42 - Zwolle - 35 - Amersfoort - 14 - Utrecht Centraal - 28 - Alphen a/d Rijn (153)
trein, Tilburg - 13 - Breda - 18 - Dordrecht - 22 - Roosendaal - 11 - Etten-Leur - 7 - Breda - 18 - Dordrecht - 14 - Rotterdam Blaak - 11 - Schiedam Centrum - 7 - Delft - 8 - Den Haag HS (129)
trein, lijnvoering
trein, Venlo - 30 - Helmond - 9 - Eindhoven - 21 - Tilburg - 13 - Breda - 7 - Etten-Leur - 11 - Roosendaal - 22 - Dordrecht - 17 - Rotterdam Centraal - 8 - Rotterdam Alexander - 10 - Gouda - 21 - Den Haag HS (169)
trein, Dordrecht - 18 - Breda - 13 - Tilburg - 15 - s-Hertogenbosch - 27 - Utrecht Centraal - 19 - Amsterdam Amstel (92)
trein, Den Helder - 36 - Alkmaar - 9 - Castricum - 12 - Zaandam - 6 - Amsterdam Sloterdijk - 11 - Haarlem - 6 - Heemstede-Aerdenhout - 13 - Leiden Centraal - 14 - Alphen a/d Rijn - 19 - Gouda - 28 - Den Haag Laan v NOI - 9 - Leiden Centraal - 12 - Den Haag Centraal (175)
trein, Deventer - 12 - Zutphen - 8 - Dieren - 12 - Arnhem Centraal - 12 - Nijmegen - 16 - Oss - 11 - s-Hertogenbosch - 18 - Eindhoven - 17 - Weert - 14 - Roermond - 15 - Sittard - 15 - Heerlen - 15 - Sittard - 15 - Maastricht (180)
trein, Hilversum - 28 - Amsterdam Amstel - 8 - Amsterdam Centraal - 27 - Utrecht Centraal - 28 - Alphen a/d Rijn - 14 - Leiden Centraal - 15 - Schiphol Airport (120)
trein, Zwolle - 40 - Assen - 17 - Groningen - 35 - Leeuwarden - 16 - Heerenveen (108)
trein, Arnhem Centraal - 10 - Ede-Wageningen - 24 - Utrecht Centraal - 18 - Gouda - 18 - Den Haag Centraal - 13 - Delft - 12 - Den Haag Laan v NOI - 9 - Leiden Centraal - 12 - Den Haag HS - 8 - Delft - 7 - Schiedam Centrum - 11 - Rotterdam Blaak - 9 - Rotterdam Alexander - 8 - Rotterdam Centraal - 5 - Schiedam Centrum (164)
trein, Zutphen - 20 - Apeldoorn - 10 - Deventer - 24 - Almelo - 10 - Hengelo - 7 - Enschede - 7 - Hengelo - 10 - Almelo - 42 - Zwolle - 24 - Steenwijk - 14 - Heerenveen (168)
trein, Zaandam - 26 - Hoorn - 24 - Alkmaar - 9 - Castricum - 13 - Beverwijk - 13 - Castricum - 12 - Zaandam - 6 - Amsterdam Sloterdijk - 16 - Amsterdam Zuid (119)
trein, Utrecht Centraal - 33 - Schiphol Airport - 6 - Amsterdam Zuid - 10 - Amsterdam Amstel - 27 - Almere Centrum - 20 - Amsterdam Centraal - 6 - Amsterdam Sloterdijk - 11 - Haarlem - 16 - Beverwijk - 25 - Zaandam (154)
trein, Amersfoort - 24 - Apeldoorn - 10 - Deventer - 24 - Zwolle - 35 - Amersfoort - 14 - Utrecht Centraal - 15 - Hilversum - 26 - Almere Centrum - 14 - Lelystad Centrum (162)
trein, Rotterdam Blaak - 14 - Dordrecht - 22 - Roosendaal - 63 - Vlissingen (99)
trein, lijnvoering
trein, Maastricht - 15 - Sittard - 15 - Roermond - 14 - Weert - 17 - Eindhoven - 21 - Tilburg - 15 - s-Hertogenbosch - 27 - Utrecht Centraal - 18 - Gouda (142)
trein, Vlissingen - 63 - Roosendaal - 11 - Etten-Leur - 7 - Breda - 18 - Dordrecht - 17 - Rotterdam Centraal - 5 - Schiedam Centrum - 11 - Rotterdam Blaak (132)
trein, Beverwijk - 13 - Castricum - 12 - Zaandam - 6 - Amsterdam Sloterdijk - 11 - Haarlem - 6 - Heemstede-Aerdenhout - 13 - Leiden Centraal (61)
trein, Enschede - 7 - Hengelo - 10 - Almelo - 42 - Zwolle - 35 - Amersfoort - 24 - Apeldoorn - 20 - Zutphen - 12 - Deventer - 10 - Apeldoorn (160)
trein, Amsterdam Zuid - 10 - Amsterdam Amstel - 8 - Amsterdam Centraal - 27 - Utrecht Centraal - 15 - Hilversum - 26 - Almere Centrum - 27 - Amsterdam Amstel (113)
trein, Venlo - 30 - Helmond - 9 - Eindhoven - 18 - s-Hertogenbosch - 11 - Oss - 16 - Nijmegen - 12 - Arnhem Centraal - 12 - Dieren - 8 - Zutphen - 12 - Deventer - 24 - Almelo (152)
trein, Heerlen - 15 - Sittard - 15 - Roermond - 14 - Weert - 17 - Eindhoven - 21 - Tilburg - 13 - Breda - 7 - Etten-Leur - 11 - Roosendaal - 22 - Dordrecht - 17 - Rotterdam Centraal - 8 - Rotterdam Alexander - 10 - Gouda (170)
trein, Arnhem Centraal - 10 - Ede-Wageningen - 24 - Utrecht Centraal - 19 - Amsterdam Amstel - 28 - Hilversum - 26 - Almere Centrum - 14 - Lelystad Centrum - 14 - Almere Centrum - 20 - Amsterdam Centraal (155)
trein, Gouda - 18 - Den Haag Centraal - 12 - Leiden Centraal - 15 - Schiphol Airport - 33 - Utrecht Centraal - 14 - Amersfoort (92)
trein, Den Haag Laan v NOI - 28 - Gouda - 19 - Alphen a/d Rijn - 14 - Leiden Centraal - 12 - Den Haag HS - 8 - Delft - 12 - Den Haag Laan v NOI - 9 - Leiden Centraal - 12 - Den Haag Centraal - 13 - Delft (127)
trein, Alkmaar - 9 - Castricum - 12 - Zaandam - 6 - Amsterdam Sloterdijk - 11 - Haarlem - 16 - Beverwijk - 25 - Zaandam - 26 - Hoorn - 24 - Alkmaar - 36 - Den Helder (165)
trein, Schiphol Airport - 6 - Amsterdam Zuid - 16 - Amsterdam Sloterdijk - 6 - Amsterdam Centraal - 8 - Amsterdam Amstel - 19 - Utrecht Centraal - 28 - Alphen a/d Rijn - 19 - Gouda - 21 - Den Haag HS - 8 - Delft - 7 - Schiedam Centrum - 5 - Rotterdam Centraal - 8 - Rotterdam Alexander - 9 - Rotterdam Blaak - 14 - Dordrecht (174)
trein, Zwolle - 24 - Steenwijk - 14 - Heerenveen - 16 - Leeuwarden - 35 - Groningen - 17 - Assen - 40 - Zwolle - 24 - Deventer (170)
trein, lijnvoering
trein, Lelystad Centrum - 14 - Almere Centrum - 27 - Amsterdam Amstel - 19 - Utrecht Centraal - 27 - Amsterdam Centraal - 6 - Amsterdam Sloterdijk - 16 - Amsterdam Zuid - 10 - Amsterdam Amstel - 28 - Hilversum (147)
trein, Vlissingen - 63 - Roosendaal - 22 - Dordrecht - 17 - Rotterdam Centraal - 5 - Schiedam Centrum - 11 - Rotterdam Blaak - 9 - Rotterdam Alexander - 10 - Gouda - 18 - Den Haag Centraal (155)
trein, Castricum - 12 - Zaandam - 25 - Beverwijk - 16 - Haarlem - 6 - Heemstede-Aerdenhout - 13 - Leiden Centraal - 14 - Alphen a/d Rijn - 19 - Gouda - 28 - Den Haag Laan v NOI (133)
trein, Heerlen - 15 - Sittard - 15 - Maastricht - 15 - Sittard - 15 - Roermond - 14 - Weert - 17 - Eindhoven - 21 - Tilburg - 13 - Breda - 7 - Etten-Leur - 11 - Roosendaal - 22 - Dordrecht - 14 - Rotterdam Blaak (179)
trein, Den Haag HS - 21 - Gouda - 19 - Alphen a/d Rijn - 28 - Utrecht Centraal - 14 - Amersfoort - 24 - Apeldoorn - 20 - Zutphen - 12 - Deventer - 24 - Almelo - 10 - Hengelo - 7 - Enschede (179)
trein, Deventer - 10 - Apeldoorn - 24 - Amersfoort - 35 - Zwolle - 24 - Deventer (93)
trein, Zwolle - 40 - Assen - 17 - Groningen - 35 - Leeuwarden - 16 - Heerenveen - 14 - Steenwijk - 24 - Zwolle (146)
trein, Utrecht Centraal - 24 - Ede-Wageningen - 10 - Arnhem Centraal - 12 - Dieren - 8 - Zutphen - 12 - Deventer - 24 - Almelo - 42 - Zwolle (132)
trein, Den Haag Laan v NOI - 12 - Delft - 7 - Schiedam Centrum - 5 - Rotterdam Centraal - 8 - Rotterdam Alexander - 10 - Gouda - 18 - Utrecht Centraal - 15 - Hilversum - 26 - Almere Centrum - 20 - Amsterdam Centraal - 8 - Amsterdam Amstel - 10 - Amsterdam Zuid - 6 - Schiphol Airport - 15 - Leiden Centraal - 12 - Den Haag HS - 8 - Delft (180)
trein, Den Haag Laan v NOI - 9 - Leiden Centraal - 12 - Den Haag Centraal - 13 - Delft - 7 - Schiedam Centrum - 5 - Rotterdam Centraal - 17 - Dordrecht - 18 - Breda - 13 - Tilburg - 15 - s-Hertogenbosch - 11 - Oss - 16 - Nijmegen - 12 - Arnhem Centraal (148)
trein, Schiphol Airport - 33 - Utrecht Centraal - 27 - s-Hertogenbosch - 18 - Eindhoven - 9 - Helmond - 30 - Venlo (117)
trein, Beverwijk - 13 - Castricum - 9 - Alkmaar - 36 - Den Helder - 36 - Alkmaar - 24 - Hoorn - 26 - Zaandam - 6 - Amsterdam Sloterdijk - 11 - Haarlem (161)
